Region,Country,Year,Num_Deaths
Americas,Belize,2020,0.0
South-East Asia,Bhutan,2020,0.0
Africa,Cabo Verde,2020,0.0
Americas,Costa Rica,2020,0.0
South-East Asia,Democratic People's Republic of Korea,2020,0.0
Africa,Eswatini,2020,0.0
Americas,Guatemala,2020,0.0
Americas,Mexico,2020,0.0
South-East Asia,Nepal,2020,0.0
Americas,Nicaragua,2020,0.0
Americas,Panama,2020,0.0
Western Pacific,Republic of Korea,2020,0.0
Africa,Sao Tome and Principe,2020,0.0
Eastern Mediterranean,Saudi Arabia,2020,0.0
Americas,Suriname,2020,0.0
South-East Asia,Timor-Leste,2020,0.0
Western Pacific,Vanuatu,2020,0.0
Americas,Honduras,2020,0.0
Africa,Benin,2020,10123.0
Africa,Guinea,2020,10215.0
Africa,Comoros,2020,11.0
Eastern Mediterranean,Afghanistan,2020,110.0
Africa,Ghana,2020,12084.0
Africa,Chad,2020,12415.0
Africa,Kenya,2020,12646.0
Western Pacific,Solomon Islands,2020,124.0
Eastern Mediterranean,Djibouti,2020,126.0
Africa,Cameroon,2020,14841.0
South-East Asia,Indonesia,2020,1443.0
South-East Asia,Bangladesh,2020,15.0
Africa,Côte d’Ivoire,2020,15913.0
Africa,Angola,2020,15989.0
Africa,Mauritania,2020,1685.0
Africa,Niger,2020,17435.0
Africa,Mali,2020,19316.0
Africa,Burkina Faso,2020,19979.0
Eastern Mediterranean,Yemen,2020,1979.0
Africa,Nigeria,2020,199689.0
Americas,Dominican Republic,2020,2.0
Western Pacific,Viet Nam,2020,2.0
Americas,Venezuela (Bolivarian Republic of),2020,203.0
Africa,Uganda,2020,21699.0
Eastern Mediterranean,Somalia,2020,2123.0
Americas,Peru,2020,23.0
Africa,Mozambique,2020,23766.0
Africa,Congo,2020,2354.0
Africa,United Republic of Tanzania,2020,25972.0
Americas,Guyana,2020,28.0
Africa,Zimbabwe,2020,2951.0
Western Pacific,Papua New Guinea,2020,2962.0
Americas,Ecuador,2020,3.0
South-East Asia,Thailand,2020,3.0
Africa,Rwanda,2020,3046.0
Africa,Eritrea,2020,372.0
Africa,South Africa,2020,38.0
Africa,Botswana,2020,4.0
Americas,Brazil,2020,42.0
Africa,Gabon,2020,424.0
Western Pacific,Cambodia,2020,43.0
Eastern Mediterranean,Pakistan,2020,454.0
Africa,Senegal,2020,4602.0
Americas,Colombia,2020,5.0
Africa,Central African Republic,2020,5079.0
Africa,Namibia,2020,51.0
Africa,Burundi,2020,5822.0
Americas,Bolivia (Plurinational State of),2020,6.0
Africa,Gambia,2020,615.0
Western Pacific,Lao People's Democratic Republic,2020,7.0
Africa,Malawi,2020,7165.0
South-East Asia,India,2020,7341.0
Africa,South Sudan,2020,7431.0
Eastern Mediterranean,Sudan,2020,7533.0
South-East Asia,Myanmar,2020,77.0
Africa,Sierra Leone,2020,8054.0
Africa,Democratic Republic of the Congo,2020,82511.0
Africa,Zambia,2020,8946.0
Africa,Ethiopia,2020,9433.0
Africa,Madagascar,2020,9459.0
Americas,Haiti,2020,97.0
Western Pacific,Philippines,2020,97.0
Europe,Albania,2020,
Africa,Algeria,2020,
Europe,Andorra,2020,
Americas,Antigua and Barbuda,2020,
Americas,Argentina,2020,
Europe,Armenia,2020,
Western Pacific,Australia,2020,
Europe,Austria,2020,
Europe,Azerbaijan,2020,
Americas,Bahamas,2020,
Eastern Mediterranean,Bahrain,2020,
Americas,Barbados,2020,
Europe,Belarus,2020,
Europe,Belgium,2020,
Europe,Bosnia and Herzegovina,2020,
Western Pacific,Brunei Darussalam,2020,
Europe,Bulgaria,2020,
Americas,Canada,2020,
Americas,Chile,2020,
Western Pacific,China,2020,
Western Pacific,Cook Islands,2020,
Europe,Croatia,2020,
Americas,Cuba,2020,
Europe,Cyprus,2020,
Europe,Czechia,2020,
Europe,Denmark,2020,
Americas,Dominica,2020,
Eastern Mediterranean,Egypt,2020,
Americas,El Salvador,2020,
Africa,Equatorial Guinea,2020,
Europe,Estonia,2020,
Western Pacific,Fiji,2020,
Europe,Finland,2020,
Europe,France,2020,
Europe,Georgia,2020,
Europe,Germany,2020,
Europe,Greece,2020,
Americas,Grenada,2020,
Africa,Guinea-Bissau,2020,
Europe,Hungary,2020,
Europe,Iceland,2020,
Eastern Mediterranean,Iran (Islamic Republic of),2020,
Eastern Mediterranean,Iraq,2020,
Europe,Ireland,2020,
Europe,Israel,2020,
Europe,Italy,2020,
Americas,Jamaica,2020,
Western Pacific,Japan,2020,
Eastern Mediterranean,Jordan,2020,
Europe,Kazakhstan,2020,
Western Pacific,Kiribati,2020,
Eastern Mediterranean,Kuwait,2020,
Europe,Kyrgyzstan,2020,
Europe,Latvia,2020,
Eastern Mediterranean,Lebanon,2020,
Africa,Lesotho,2020,
Africa,Liberia,2020,
Eastern Mediterranean,Libya,2020,
Europe,Lithuania,2020,
Europe,Luxembourg,2020,
Western Pacific,Malaysia,2020,
South-East Asia,Maldives,2020,
Europe,Malta,2020,
Western Pacific,Marshall Islands,2020,
Africa,Mauritius,2020,
Western Pacific,Micronesia (Federated States of),2020,
Europe,Monaco,2020,
Western Pacific,Mongolia,2020,
Europe,Montenegro,2020,
Eastern Mediterranean,Morocco,2020,
Western Pacific,Nauru,2020,
Europe,Netherlands,2020,
Western Pacific,New Zealand,2020,
Western Pacific,Niue,2020,
Europe,Norway,2020,
Eastern Mediterranean,Oman,2020,
Western Pacific,Palau,2020,
Americas,Paraguay,2020,
Europe,Poland,2020,
Europe,Portugal,2020,
Eastern Mediterranean,Qatar,2020,
Europe,Republic of Moldova,2020,
Europe,The former Yugoslav Republic of Macedonia,2020,
Europe,Romania,2020,
Europe,Russian Federation,2020,
Americas,Saint Kitts and Nevis,2020,
Americas,Saint Lucia,2020,
Americas,Saint Vincent and the Grenadines,2020,
Western Pacific,Samoa,2020,
Europe,San Marino,2020,
Europe,Serbia,2020,
Africa,Seychelles,2020,
Western Pacific,Singapore,2020,
Europe,Slovakia,2020,
Europe,Slovenia,2020,
Europe,Spain,2020,
South-East Asia,Sri Lanka,2020,
Europe,Sweden,2020,
Europe,Switzerland,2020,
Eastern Mediterranean,Syrian Arab Republic,2020,
Europe,Tajikistan,2020,
Africa,Togo,2020,
Western Pacific,Tonga,2020,
Americas,Trinidad and Tobago,2020,
Eastern Mediterranean,Tunisia,2020,
Europe,Türkiye,2020,
Europe,Turkmenistan,2020,
Western Pacific,Tuvalu,2020,
Europe,Ukraine,2020,
Eastern Mediterranean,United Arab Emirates,2020,
Europe,United Kingdom of Great Britain and Northern Ireland,2020,
Americas,United States of America,2020,
Americas,Uruguay,2020,
Europe,Uzbekistan,2020,
Africa,Algeria,2019,0.0
Americas,Argentina,2019,0.0
Europe,Armenia,2019,0.0
Europe,Azerbaijan,2019,0.0
Americas,Belize,2019,0.0
South-East Asia,Bhutan,2019,0.0
Africa,Cabo Verde,2019,0.0
Western Pacific,China,2019,0.0
Americas,Costa Rica,2019,0.0
South-East Asia,Democratic People's Republic of Korea,2019,0.0
Americas,Ecuador,2019,0.0
Eastern Mediterranean,Egypt,2019,0.0
Americas,El Salvador,2019,0.0
Africa,Eswatini,2019,0.0
Europe,Georgia,2019,0.0
Americas,Honduras,2019,0.0
Eastern Mediterranean,Iran (Islamic Republic of),2019,0.0
Eastern Mediterranean,Iraq,2019,0.0
Europe,Kazakhstan,2019,0.0
Europe,Kyrgyzstan,2019,0.0
Western Pacific,Malaysia,2019,0.0
Americas,Mexico,2019,0.0
Eastern Mediterranean,Morocco,2019,0.0
South-East Asia,Nepal,2019,0.0
Eastern Mediterranean,Oman,2019,0.0
Americas,Panama,2019,0.0
Americas,Paraguay,2019,0.0
Western Pacific,Republic of Korea,2019,0.0
Africa,Sao Tome and Principe,2019,0.0
Eastern Mediterranean,Saudi Arabia,2019,0.0
South-East Asia,Sri Lanka,2019,0.0
Americas,Suriname,2019,0.0
Eastern Mediterranean,Syrian Arab Republic,2019,0.0
Europe,Tajikistan,2019,0.0
South-East Asia,Timor-Leste,2019,0.0
Europe,Türkiye,2019,0.0
Europe,Turkmenistan,2019,0.0
Eastern Mediterranean,United Arab Emirates,2019,0.0
Europe,Uzbekistan,2019,0.0
Western Pacific,Vanuatu,2019,0.0
Africa,Botswana,2019,0.0
Americas,Guatemala,2019,0.0
Americas,Nicaragua,2019,1.0
South-East Asia,Myanmar,2019,101.0
Western Pacific,Cambodia,2019,102.0
Western Pacific,Lao People's Democratic Republic,2019,11.0
Africa,Chad,2019,11619.0
Africa,Ghana,2019,11877.0
Africa,Kenya,2019,11979.0
South-East Asia,Indonesia,2019,1188.0
Africa,Cameroon,2019,12683.0
South-East Asia,Thailand,2019,13.0
Africa,Angola,2019,13622.0
Africa,Namibia,2019,14.0
Africa,Côte d’Ivoire,2019,14829.0
Africa,Mauritania,2019,1589.0
Africa,Niger,2019,16391.0
Western Pacific,Solomon Islands,2019,161.0
Africa,Mali,2019,17511.0
Africa,Uganda,2019,17766.0
Eastern Mediterranean,Afghanistan,2019,170.0
Africa,Burkina Faso,2019,18813.0
Africa,Nigeria,2019,187437.0
Africa,Mozambique,2019,19189.0
Eastern Mediterranean,Somalia,2019,1942.0
Africa,Zimbabwe,2019,2003.0
Eastern Mediterranean,Yemen,2019,2134.0
Africa,Congo,2019,2220.0
Western Pacific,Papua New Guinea,2019,2250.0
Africa,United Republic of Tanzania,2019,23742.0
Africa,Rwanda,2019,2982.0
Americas,Colombia,2019,3.0
Americas,Guyana,2019,30.0
Western Pacific,Philippines,2019,31.0
Americas,Peru,2019,35.0
Americas,Venezuela (Bolivarian Republic of),2019,351.0
Africa,Togo,2019,3584.0
Americas,Brazil,2019,36.0
Africa,Gabon,2019,381.0
Africa,Liberia,2019,3918.0
Americas,Dominican Republic,2019,4.0
Americas,Bolivia (Plurinational State of),2019,4.0
Africa,Eritrea,2019,437.0
Africa,Central African Republic,2019,4452.0
Africa,Senegal,2019,4470.0
Africa,Comoros,2019,45.0
Americas,Haiti,2019,45.0
South-East Asia,Bangladesh,2019,47.0
Africa,Madagascar,2019,4735.0
Western Pacific,Viet Nam,2019,5.0
Africa,Burundi,2019,5284.0
Eastern Mediterranean,Pakistan,2019,544.0
Africa,Gambia,2019,569.0
Africa,Ethiopia,2019,5708.0
Africa,Equatorial Guinea,2019,643.0
Africa,Democratic Republic of the Congo,2019,65331.0
Eastern Mediterranean,Sudan,2019,6609.0
Africa,Malawi,2019,6856.0
Africa,Sierra Leone,2019,6904.0
Africa,South Sudan,2019,7194.0
South-East Asia,India,2019,7701.0
Africa,South Africa,2019,79.0
Africa,Zambia,2019,7996.0
Africa,Guinea,2019,8586.0
Africa,Guinea-Bissau,2019,874.0
Eastern Mediterranean,Djibouti,2019,97.0
Africa,Benin,2019,9889.0
Africa,Algeria,2018,0.0
Americas,Argentina,2018,0.0
Europe,Armenia,2018,0.0
Europe,Azerbaijan,2018,0.0
Americas,Belize,2018,0.0
South-East Asia,Bhutan,2018,0.0
Africa,Cabo Verde,2018,0.0
Western Pacific,China,2018,0.0
Americas,Costa Rica,2018,0.0
South-East Asia,Democratic People's Republic of Korea,2018,0.0
Americas,Ecuador,2018,0.0
Eastern Mediterranean,Egypt,2018,0.0
Americas,El Salvador,2018,0.0
Europe,Georgia,2018,0.0
Americas,Honduras,2018,0.0
Eastern Mediterranean,Iran (Islamic Republic of),2018,0.0
Eastern Mediterranean,Iraq,2018,0.0
Europe,Kazakhstan,2018,0.0
Europe,Kyrgyzstan,2018,0.0
Western Pacific,Malaysia,2018,0.0
Americas,Mexico,2018,0.0
Eastern Mediterranean,Morocco,2018,0.0
Eastern Mediterranean,Oman,2018,0.0
Americas,Panama,2018,0.0
Americas,Paraguay,2018,0.0
Western Pacific,Republic of Korea,2018,0.0
Africa,Sao Tome and Principe,2018,0.0
Eastern Mediterranean,Saudi Arabia,2018,0.0
South-East Asia,Sri Lanka,2018,0.0
Americas,Suriname,2018,0.0
Eastern Mediterranean,Syrian Arab Republic,2018,0.0
Europe,Tajikistan,2018,0.0
South-East Asia,Timor-Leste,2018,0.0
Europe,Türkiye,2018,0.0
Europe,Turkmenistan,2018,0.0
Eastern Mediterranean,United Arab Emirates,2018,0.0
Europe,Uzbekistan,2018,0.0
Western Pacific,Vanuatu,2018,0.0
Americas,Dominican Republic,2018,1.0
South-East Asia,Nepal,2018,1.0
Africa,Eswatini,2018,1.0
Americas,Guatemala,2018,1.0
South-East Asia,Indonesia,2018,1043.0
Western Pacific,Solomon Islands,2018,109.0
Africa,Chad,2018,11509.0
Africa,Ghana,2018,11792.0
Africa,Kenya,2018,11850.0
Africa,Cameroon,2018,12770.0
Africa,Namibia,2018,128.0
Africa,Angola,2018,13489.0
Africa,Côte d’Ivoire,2018,14986.0
South-East Asia,Thailand,2018,15.0
Africa,Mauritania,2018,1565.0
Africa,Niger,2018,16340.0
Africa,Zimbabwe,2018,1624.0
South-East Asia,Myanmar,2018,164.0
Africa,Mali,2018,17379.0
Africa,Uganda,2018,17652.0
Africa,Nigeria,2018,186937.0
Africa,Burkina Faso,2018,19064.0
Africa,Mozambique,2018,19321.0
Africa,Eritrea,2018,196.0
Eastern Mediterranean,Somalia,2018,1977.0
Americas,Bolivia (Plurinational State of),2018,2.0
Africa,Botswana,2018,2.0
Africa,Congo,2018,2191.0
Eastern Mediterranean,Yemen,2018,2211.0
Western Pacific,Lao People's Democratic Republic,2018,23.0
Africa,United Republic of Tanzania,2018,23376.0
Western Pacific,Philippines,2018,24.0
Western Pacific,Papua New Guinea,2018,2562.0
South-East Asia,Bangladesh,2018,26.0
Western Pacific,Cambodia,2018,265.0
Eastern Mediterranean,Afghanistan,2018,292.0
Africa,Rwanda,2018,2932.0
Americas,Nicaragua,2018,3.0
Africa,Togo,2018,3589.0
Americas,Venezuela (Bolivarian Republic of),2018,373.0
Africa,Gabon,2018,377.0
Africa,Comoros,2018,38.0
Americas,Guyana,2018,38.0
Africa,Liberia,2018,3884.0
Americas,Haiti,2018,40.0
Eastern Mediterranean,Djibouti,2018,43.0
Africa,Senegal,2018,4400.0
Africa,Central African Republic,2018,4553.0
Africa,Madagascar,2018,4570.0
Americas,Peru,2018,48.0
Eastern Mediterranean,Pakistan,2018,511.0
Africa,Burundi,2018,5237.0
Americas,Brazil,2018,56.0
Africa,Gambia,2018,560.0
Eastern Mediterranean,Sudan,2018,5854.0
Western Pacific,Viet Nam,2018,6.0
Africa,Equatorial Guinea,2018,632.0
Africa,Democratic Republic of the Congo,2018,65555.0
Africa,Ethiopia,2018,6500.0
Africa,Malawi,2018,6820.0
Africa,South Africa,2018,69.0
Africa,South Sudan,2018,6961.0
Africa,Sierra Leone,2018,7089.0
Africa,Zambia,2018,7862.0
Africa,Guinea,2018,8470.0
Africa,Guinea-Bissau,2018,873.0
Americas,Colombia,2018,9.0
South-East Asia,India,2018,9664.0
Africa,Benin,2018,9898.0
Africa,Algeria,2017,0.0
Americas,Argentina,2017,0.0
Europe,Armenia,2017,0.0
Europe,Azerbaijan,2017,0.0
Americas,Belize,2017,0.0
South-East Asia,Bhutan,2017,0.0
Western Pacific,China,2017,0.0
Americas,Costa Rica,2017,0.0
South-East Asia,Democratic People's Republic of Korea,2017,0.0
Americas,Ecuador,2017,0.0
Eastern Mediterranean,Egypt,2017,0.0
Americas,El Salvador,2017,0.0
Europe,Georgia,2017,0.0
Eastern Mediterranean,Iraq,2017,0.0
Europe,Kazakhstan,2017,0.0
Europe,Kyrgyzstan,2017,0.0
Western Pacific,Malaysia,2017,0.0
Americas,Mexico,2017,0.0
Eastern Mediterranean,Morocco,2017,0.0
Eastern Mediterranean,Oman,2017,0.0
Americas,Panama,2017,0.0
Americas,Paraguay,2017,0.0
Western Pacific,Republic of Korea,2017,0.0
Eastern Mediterranean,Saudi Arabia,2017,0.0
South-East Asia,Sri Lanka,2017,0.0
Eastern Mediterranean,Syrian Arab Republic,2017,0.0
Europe,Tajikistan,2017,0.0
South-East Asia,Timor-Leste,2017,0.0
Europe,Türkiye,2017,0.0
Europe,Turkmenistan,2017,0.0
Eastern Mediterranean,United Arab Emirates,2017,0.0
Europe,Uzbekistan,2017,0.0
Western Pacific,Vanuatu,2017,0.0
Americas,Honduras,2017,0.0
South-East Asia,Nepal,2017,0.0
Americas,Dominican Republic,2017,1.0
Eastern Mediterranean,Iran (Islamic Republic of),2017,1.0
Americas,Nicaragua,2017,1.0
Africa,Sao Tome and Principe,2017,1.0
Americas,Suriname,2017,1.0
Africa,Eswatini,2017,1.0
Americas,Guatemala,2017,1.0
Africa,Benin,2017,10224.0
Africa,Ghana,2017,11374.0
Africa,Chad,2017,11673.0
Africa,Kenya,2017,11845.0
Africa,Cameroon,2017,13633.0
Africa,Angola,2017,13941.0
Western Pacific,Solomon Islands,2017,134.0
Africa,Mali,2017,14479.0
South-East Asia,Indonesia,2017,1419.0
South-East Asia,Thailand,2017,15.0
Africa,Mauritania,2017,1537.0
South-East Asia,India,2017,16296.0
Africa,Côte d’Ivoire,2017,17879.0
Africa,Nigeria,2017,176528.0
Africa,Niger,2017,18087.0
Eastern Mediterranean,Yemen,2017,1886.0
Americas,Colombia,2017,19.0
Africa,Burkina Faso,2017,19292.0
Africa,Cabo Verde,2017,2.0
Americas,Bolivia (Plurinational State of),2017,2.0
Eastern Mediterranean,Somalia,2017,2081.0
South-East Asia,Myanmar,2017,209.0
Western Pacific,Lao People's Democratic Republic,2017,21.0
Africa,Uganda,2017,21315.0
Africa,Mozambique,2017,21640.0
Africa,Congo,2017,2200.0
Africa,Eritrea,2017,221.0
Africa,Namibia,2017,228.0
Africa,United Republic of Tanzania,2017,23021.0
Eastern Mediterranean,Djibouti,2017,25.0
Western Pacific,Papua New Guinea,2017,2502.0
Africa,Rwanda,2017,2923.0
Africa,South Africa,2017,301.0
Americas,Guyana,2017,33.0
Western Pacific,Cambodia,2017,336.0
Americas,Brazil,2017,34.0
Africa,Zimbabwe,2017,3410.0
Western Pacific,Philippines,2017,35.0
Africa,Togo,2017,3695.0
Eastern Mediterranean,Afghanistan,2017,378.0
Africa,Gabon,2017,382.0
Africa,Senegal,2017,4163.0
Americas,Venezuela (Bolivarian Republic of),2017,424.0
Africa,Liberia,2017,4444.0
Africa,Madagascar,2017,4783.0
Africa,Central African Republic,2017,4788.0
Eastern Mediterranean,Sudan,2017,5230.0
Africa,Gambia,2017,538.0
Africa,Burundi,2017,5974.0
Americas,Peru,2017,64.0
Eastern Mediterranean,Pakistan,2017,641.0
Africa,Equatorial Guinea,2017,651.0
Africa,Democratic Republic of the Congo,2017,67792.0
Africa,Malawi,2017,6854.0
Africa,Botswana,2017,7.0
Africa,South Sudan,2017,7156.0
South-East Asia,Bangladesh,2017,73.0
Africa,Zambia,2017,7825.0
Africa,Comoros,2017,8.0
Africa,Guinea-Bissau,2017,814.0
Americas,Haiti,2017,84.0
Africa,Sierra Leone,2017,8435.0
Western Pacific,Viet Nam,2017,9.0
Africa,Ethiopia,2017,9158.0
Africa,Guinea,2017,9242.0
Africa,Algeria,2016,0.0
Americas,Argentina,2016,0.0
Europe,Armenia,2016,0.0
Europe,Azerbaijan,2016,0.0
Americas,Belize,2016,0.0
South-East Asia,Bhutan,2016,0.0
Western Pacific,China,2016,0.0
Americas,Costa Rica,2016,0.0
South-East Asia,Democratic People's Republic of Korea,2016,0.0
Americas,Ecuador,2016,0.0
Eastern Mediterranean,Egypt,2016,0.0
Americas,El Salvador,2016,0.0
Europe,Georgia,2016,0.0
Eastern Mediterranean,Iran (Islamic Republic of),2016,0.0
Eastern Mediterranean,Iraq,2016,0.0
Europe,Kazakhstan,2016,0.0
Europe,Kyrgyzstan,2016,0.0
Americas,Mexico,2016,0.0
Eastern Mediterranean,Morocco,2016,0.0
Eastern Mediterranean,Oman,2016,0.0
Americas,Panama,2016,0.0
Americas,Paraguay,2016,0.0
Western Pacific,Republic of Korea,2016,0.0
Eastern Mediterranean,Saudi Arabia,2016,0.0
South-East Asia,Sri Lanka,2016,0.0
Americas,Suriname,2016,0.0
Eastern Mediterranean,Syrian Arab Republic,2016,0.0
Europe,Tajikistan,2016,0.0
South-East Asia,Timor-Leste,2016,0.0
Europe,Türkiye,2016,0.0
Europe,Turkmenistan,2016,0.0
Eastern Mediterranean,United Arab Emirates,2016,0.0
Europe,Uzbekistan,2016,0.0
Western Pacific,Vanuatu,2016,0.0
Africa,Eswatini,2016,0.0
Africa,Cabo Verde,2016,1.0
Americas,Dominican Republic,2016,1.0
Africa,Sao Tome and Principe,2016,1.0
Western Pacific,Solomon Islands,2016,103.0
Africa,Benin,2016,11228.0
Africa,Kenya,2016,11298.0
Africa,Chad,2016,11437.0
Africa,Ghana,2016,11608.0
Africa,Ethiopia,2016,11879.0
Africa,Angola,2016,13430.0
Africa,Cameroon,2016,13699.0
Africa,Mali,2016,13831.0
Africa,Mauritania,2016,1501.0
Africa,Côte d’Ivoire,2016,16648.0
Africa,Nigeria,2016,165653.0
Eastern Mediterranean,Yemen,2016,1681.0
Africa,Uganda,2016,19158.0
Africa,Burkina Faso,2016,19443.0
Africa,Zimbabwe,2016,1933.0
Africa,Eritrea,2016,198.0
Western Pacific,Malaysia,2016,2.0
Americas,Nicaragua,2016,2.0
Americas,Guatemala,2016,2.0
Africa,Comoros,2016,2.0
South-East Asia,Nepal,2016,2.0
Americas,Bolivia (Plurinational State of),2016,2.0
Africa,Niger,2016,20478.0
Eastern Mediterranean,Somalia,2016,2034.0
Western Pacific,Cambodia,2016,204.0
South-East Asia,Indonesia,2016,2056.0
Africa,Congo,2016,2118.0
South-East Asia,India,2016,22437.0
Africa,United Republic of Tanzania,2016,22999.0
Africa,Mozambique,2016,23186.0
Americas,Guyana,2016,24.0
Western Pacific,Papua New Guinea,2016,2557.0
Americas,Venezuela (Bolivarian Republic of),2016,261.0
South-East Asia,Thailand,2016,27.0
South-East Asia,Myanmar,2016,274.0
Africa,Rwanda,2016,2867.0
Africa,Botswana,2016,3.0
Eastern Mediterranean,Djibouti,2016,30.0
Western Pacific,Lao People's Democratic Republic,2016,32.0
Africa,South Africa,2016,34.0
Africa,Madagascar,2016,3482.0
Americas,Brazil,2016,35.0
Eastern Mediterranean,Afghanistan,2016,351.0
Americas,Colombia,2016,36.0
Western Pacific,Philippines,2016,37.0
Africa,Gabon,2016,390.0
Africa,Liberia,2016,4001.0
Africa,Senegal,2016,4056.0
Africa,Togo,2016,4298.0
Eastern Mediterranean,Sudan,2016,4581.0
Americas,Honduras,2016,5.0
Africa,Central African Republic,2016,5172.0
Africa,Gambia,2016,523.0
Africa,Burundi,2016,5582.0
Africa,Democratic Republic of the Congo,2016,63964.0
Africa,Equatorial Guinea,2016,666.0
Africa,Malawi,2016,6792.0
Africa,South Sudan,2016,6810.0
Americas,Peru,2016,69.0
Western Pacific,Viet Nam,2016,7.0
South-East Asia,Bangladesh,2016,72.0
Africa,Guinea-Bissau,2016,795.0
Africa,Zambia,2016,7988.0
Africa,Namibia,2016,82.0
Eastern Mediterranean,Pakistan,2016,823.0
Americas,Haiti,2016,92.0
Africa,Sierra Leone,2016,9394.0
Africa,Guinea,2016,9704.0
Africa,Algeria,2015,0.0
Americas,Argentina,2015,0.0
Europe,Armenia,2015,0.0
Europe,Azerbaijan,2015,0.0
Americas,Belize,2015,0.0
South-East Asia,Bhutan,2015,0.0
Africa,Cabo Verde,2015,0.0
Western Pacific,China,2015,0.0
Americas,Costa Rica,2015,0.0
South-East Asia,Democratic People's Republic of Korea,2015,0.0
Americas,Ecuador,2015,0.0
Eastern Mediterranean,Egypt,2015,0.0
Americas,El Salvador,2015,0.0
Europe,Georgia,2015,0.0
Eastern Mediterranean,Iraq,2015,0.0
Europe,Kazakhstan,2015,0.0
Europe,Kyrgyzstan,2015,0.0
Americas,Mexico,2015,0.0
Eastern Mediterranean,Morocco,2015,0.0
Eastern Mediterranean,Oman,2015,0.0
Americas,Panama,2015,0.0
Americas,Paraguay,2015,0.0
Western Pacific,Republic of Korea,2015,0.0
Africa,Sao Tome and Principe,2015,0.0
Eastern Mediterranean,Saudi Arabia,2015,0.0
South-East Asia,Sri Lanka,2015,0.0
Americas,Suriname,2015,0.0
Eastern Mediterranean,Syrian Arab Republic,2015,0.0
Europe,Tajikistan,2015,0.0
South-East Asia,Timor-Leste,2015,0.0
Europe,Türkiye,2015,0.0
Europe,Turkmenistan,2015,0.0
Eastern Mediterranean,United Arab Emirates,2015,0.0
Europe,Uzbekistan,2015,0.0
Western Pacific,Vanuatu,2015,0.0
Africa,Eswatini,2015,0.0
Eastern Mediterranean,Iran (Islamic Republic of),2015,1.0
Americas,Nicaragua,2015,1.0
Africa,Botswana,2015,1.0
Africa,Guinea,2015,10492.0
Africa,Sierra Leone,2015,10818.0
Africa,Kenya,2015,10862.0
Africa,Benin,2015,10991.0
South-East Asia,Bangladesh,2015,105.0
Africa,Chad,2015,11163.0
Africa,South Africa,2015,110.0
Africa,Angola,2015,12551.0
Africa,Ghana,2015,12781.0
Africa,Eritrea,2015,128.0
Africa,Cameroon,2015,13171.0
Africa,Côte d’Ivoire,2015,13725.0
Eastern Mediterranean,Yemen,2015,1309.0
Africa,Mauritania,2015,1471.0
Americas,Venezuela (Bolivarian Republic of),2015,150.0
Western Pacific,Viet Nam,2015,16.0
Africa,Uganda,2015,16198.0
Africa,Ethiopia,2015,16199.0
Africa,Mali,2015,16997.0
Africa,Nigeria,2015,163058.0
Eastern Mediterranean,Afghanistan,2015,174.0
South-East Asia,Indonesia,2015,1793.0
Americas,Colombia,2015,18.0
Western Pacific,Papua New Guinea,2015,1857.0
Eastern Mediterranean,Somalia,2015,1969.0
Americas,Guatemala,2015,2.0
South-East Asia,Nepal,2015,2.0
Africa,Burkina Faso,2015,20471.0
Africa,Congo,2015,2023.0
Africa,Niger,2015,21498.0
South-East Asia,India,2015,21694.0
Americas,Guyana,2015,22.0
Africa,United Republic of Tanzania,2015,22380.0
Africa,Mozambique,2015,23939.0
Eastern Mediterranean,Djibouti,2015,24.0
Africa,Zimbabwe,2015,2718.0
Africa,Rwanda,2015,2799.0
Americas,Dominican Republic,2015,3.0
Africa,Comoros,2015,3.0
Americas,Bolivia (Plurinational State of),2015,3.0
Africa,Liberia,2015,3295.0
South-East Asia,Thailand,2015,33.0
Americas,Brazil,2015,35.0
Western Pacific,Cambodia,2015,374.0
Africa,Namibia,2015,38.0
Africa,Gabon,2015,394.0
Western Pacific,Malaysia,2015,4.0
Americas,Honduras,2015,4.0
Eastern Mediterranean,Sudan,2015,4023.0
Africa,Senegal,2015,4042.0
South-East Asia,Myanmar,2015,482.0
Africa,Burundi,2015,4867.0
Africa,Togo,2015,5058.0
Africa,Gambia,2015,514.0
Africa,Central African Republic,2015,5555.0
Western Pacific,Solomon Islands,2015,57.0
Africa,Democratic Republic of the Congo,2015,58167.0
Africa,Madagascar,2015,5800.0
Western Pacific,Philippines,2015,62.0
Africa,South Sudan,2015,6410.0
Africa,Malawi,2015,6868.0
Africa,Equatorial Guinea,2015,706.0
Africa,Guinea-Bissau,2015,768.0
Eastern Mediterranean,Pakistan,2015,780.0
Western Pacific,Lao People's Democratic Republic,2015,80.0
Africa,Zambia,2015,8070.0
Americas,Haiti,2015,82.0
Americas,Peru,2015,94.0
Africa,Algeria,2014,0.0
Americas,Argentina,2014,0.0
Europe,Armenia,2014,0.0
Europe,Azerbaijan,2014,0.0
Americas,Belize,2014,0.0
South-East Asia,Bhutan,2014,0.0
Western Pacific,China,2014,0.0
Americas,Costa Rica,2014,0.0
South-East Asia,Democratic People's Republic of Korea,2014,0.0
Americas,Ecuador,2014,0.0
Eastern Mediterranean,Egypt,2014,0.0
Americas,El Salvador,2014,0.0
Europe,Georgia,2014,0.0
Eastern Mediterranean,Iran (Islamic Republic of),2014,0.0
Eastern Mediterranean,Iraq,2014,0.0
Europe,Kazakhstan,2014,0.0
Europe,Kyrgyzstan,2014,0.0
Americas,Mexico,2014,0.0
Eastern Mediterranean,Morocco,2014,0.0
Americas,Nicaragua,2014,0.0
Eastern Mediterranean,Oman,2014,0.0
Americas,Panama,2014,0.0
Americas,Paraguay,2014,0.0
Western Pacific,Republic of Korea,2014,0.0
Africa,Sao Tome and Principe,2014,0.0
Eastern Mediterranean,Saudi Arabia,2014,0.0
South-East Asia,Sri Lanka,2014,0.0
Eastern Mediterranean,Syrian Arab Republic,2014,0.0
Europe,Tajikistan,2014,0.0
Europe,Türkiye,2014,0.0
Europe,Turkmenistan,2014,0.0
Eastern Mediterranean,United Arab Emirates,2014,0.0
Europe,Uzbekistan,2014,0.0
Western Pacific,Vanuatu,2014,0.0
Africa,Eswatini,2014,0.0
South-East Asia,Timor-Leste,2014,0.0
Africa,Cabo Verde,2014,1.0
Americas,Suriname,2014,1.0
Africa,Benin,2014,10285.0
Africa,Kenya,2014,10634.0
Africa,Chad,2014,11126.0
Africa,Sierra Leone,2014,11151.0
Africa,Guinea,2014,11566.0
Africa,Côte d’Ivoire,2014,11943.0
Americas,Venezuela (Bolivarian Republic of),2014,110.0
Africa,Angola,2014,12036.0
Africa,Cameroon,2014,12725.0
Western Pacific,Lao People's Democratic Republic,2014,134.0
Africa,Ghana,2014,14109.0
Africa,Mauritania,2014,1433.0
Eastern Mediterranean,Yemen,2014,1498.0
Africa,Uganda,2014,15581.0
Eastern Mediterranean,Afghanistan,2014,152.0
South-East Asia,Bangladesh,2014,160.0
Eastern Mediterranean,Somalia,2014,1639.0
Africa,Nigeria,2014,165149.0
Americas,Colombia,2014,17.0
Africa,Ethiopia,2014,17624.0
Africa,South Africa,2014,174.0
Americas,Guatemala,2014,2.0
South-East Asia,India,2014,20103.0
Africa,Congo,2014,2047.0
South-East Asia,Indonesia,2014,2058.0
Africa,Mali,2014,21909.0
Africa,United Republic of Tanzania,2014,22012.0
Africa,Burkina Faso,2014,22278.0
Africa,Eritrea,2014,227.0
Africa,Niger,2014,23360.0
Eastern Mediterranean,Djibouti,2014,24.0
Africa,Mozambique,2014,24815.0
Africa,Madagascar,2014,2665.0
Americas,Guyana,2014,27.0
Africa,Rwanda,2014,2761.0
Africa,Zimbabwe,2014,2790.0
Western Pacific,Philippines,2014,29.0
Western Pacific,Viet Nam,2014,29.0
Americas,Honduras,2014,3.0
South-East Asia,Nepal,2014,3.0
Western Pacific,Papua New Guinea,2014,3134.0
Africa,Liberia,2014,3187.0
Eastern Mediterranean,Sudan,2014,3589.0
Americas,Brazil,2014,36.0
South-East Asia,Thailand,2014,38.0
Africa,Gabon,2014,386.0
Africa,Senegal,2014,3961.0
Western Pacific,Cambodia,2014,399.0
Americas,Dominican Republic,2014,4.0
Western Pacific,Malaysia,2014,4.0
Americas,Bolivia (Plurinational State of),2014,4.0
Africa,Burundi,2014,4630.0
Western Pacific,Solomon Islands,2014,48.0
Africa,Botswana,2014,5.0
Africa,Comoros,2014,5.0
Africa,Gambia,2014,504.0
Africa,Togo,2014,5210.0
Africa,Democratic Republic of the Congo,2014,56829.0
Africa,Central African Republic,2014,5995.0
Americas,Peru,2014,60.0
Africa,South Sudan,2014,6062.0
Africa,Namibia,2014,65.0
Africa,Malawi,2014,7221.0
South-East Asia,Myanmar,2014,729.0
Africa,Equatorial Guinea,2014,770.0
Africa,Guinea-Bissau,2014,772.0
Africa,Zambia,2014,8222.0
Americas,Haiti,2014,84.0
Eastern Mediterranean,Pakistan,2014,981.0
Africa,Algeria,2013,0.0
Americas,Argentina,2013,0.0
Europe,Armenia,2013,0.0
Europe,Azerbaijan,2013,0.0
Americas,Belize,2013,0.0
South-East Asia,Bhutan,2013,0.0
Africa,Cabo Verde,2013,0.0
Western Pacific,China,2013,0.0
Americas,Costa Rica,2013,0.0
South-East Asia,Democratic People's Republic of Korea,2013,0.0
Americas,Ecuador,2013,0.0
Eastern Mediterranean,Egypt,2013,0.0
Americas,El Salvador,2013,0.0
Europe,Georgia,2013,0.0
Eastern Mediterranean,Iran (Islamic Republic of),2013,0.0
Eastern Mediterranean,Iraq,2013,0.0
Europe,Kazakhstan,2013,0.0
Europe,Kyrgyzstan,2013,0.0
Americas,Mexico,2013,0.0
Eastern Mediterranean,Morocco,2013,0.0
Americas,Nicaragua,2013,0.0
Eastern Mediterranean,Oman,2013,0.0
Americas,Panama,2013,0.0
Americas,Paraguay,2013,0.0
Western Pacific,Republic of Korea,2013,0.0
Eastern Mediterranean,Saudi Arabia,2013,0.0
South-East Asia,Sri Lanka,2013,0.0
Eastern Mediterranean,Syrian Arab Republic,2013,0.0
Europe,Tajikistan,2013,0.0
Europe,Türkiye,2013,0.0
Europe,Turkmenistan,2013,0.0
Eastern Mediterranean,United Arab Emirates,2013,0.0
Europe,Uzbekistan,2013,0.0
Western Pacific,Vanuatu,2013,0.0
Americas,Suriname,2013,1.0
Africa,Eswatini,2013,1.0
Africa,Botswana,2013,1.0
Americas,Colombia,2013,10.0
Western Pacific,Malaysia,2013,10.0
Africa,Kenya,2013,10439.0
Africa,South Africa,2013,105.0
Americas,Venezuela (Bolivarian Republic of),2013,105.0
Africa,Sao Tome and Principe,2013,11.0
Africa,Chad,2013,11158.0
Africa,Angola,2013,11586.0
South-East Asia,Myanmar,2013,1169.0
Eastern Mediterranean,Pakistan,2013,1197.0
Africa,Cameroon,2013,12467.0
Africa,Guinea,2013,12504.0
Africa,Sierra Leone,2013,12628.0
Africa,Côte d’Ivoire,2013,12797.0
Western Pacific,Lao People's Democratic Republic,2013,125.0
Eastern Mediterranean,Afghanistan,2013,129.0
Africa,Comoros,2013,135.0
Africa,Mauritania,2013,1358.0
Eastern Mediterranean,Somalia,2013,1396.0
Africa,Ghana,2013,15540.0
Africa,Uganda,2013,16421.0
South-East Asia,India,2013,16741.0
Americas,Haiti,2013,160.0
Africa,Nigeria,2013,168902.0
Eastern Mediterranean,Yemen,2013,1786.0
South-East Asia,Timor-Leste,2013,2.0
Americas,Guatemala,2013,2.0
Africa,Namibia,2013,20.0
Africa,Congo,2013,2015.0
Africa,United Republic of Tanzania,2013,21522.0
Africa,Ethiopia,2013,21978.0
Africa,Zimbabwe,2013,2205.0
Western Pacific,Cambodia,2013,231.0
Africa,Mali,2013,24431.0
Africa,Niger,2013,24706.0
Africa,Mozambique,2013,25213.0
Africa,Burkina Faso,2013,25694.0
South-East Asia,Indonesia,2013,2656.0
Africa,Liberia,2013,2737.0
Africa,Rwanda,2013,2762.0
Eastern Mediterranean,Sudan,2013,3174.0
Western Pacific,Viet Nam,2013,34.0
Western Pacific,Papua New Guinea,2013,3452.0
Western Pacific,Philippines,2013,36.0
Africa,Gabon,2013,360.0
Africa,Madagascar,2013,3701.0
Africa,Senegal,2013,3834.0
Eastern Mediterranean,Djibouti,2013,4.0
Americas,Brazil,2013,40.0
Americas,Peru,2013,45.0
Africa,Burundi,2013,4535.0
South-East Asia,Thailand,2013,47.0
Africa,Gambia,2013,493.0
Americas,Dominican Republic,2013,5.0
Americas,Honduras,2013,5.0
Africa,Togo,2013,5042.0
Africa,South Sudan,2013,5736.0
Africa,Democratic Republic of the Congo,2013,59293.0
Americas,Bolivia (Plurinational State of),2013,6.0
South-East Asia,Nepal,2013,6.0
Africa,Central African Republic,2013,6361.0
Africa,Equatorial Guinea,2013,735.0
South-East Asia,Bangladesh,2013,77.0
Africa,Zambia,2013,7827.0
Africa,Guinea-Bissau,2013,783.0
Africa,Malawi,2013,7853.0
Western Pacific,Solomon Islands,2013,83.0
Africa,Eritrea,2013,88.0
Americas,Guyana,2013,90.0
Africa,Benin,2013,9774.0
Africa,Algeria,2012,0.0
Americas,Argentina,2012,0.0
Europe,Armenia,2012,0.0
Europe,Azerbaijan,2012,0.0
Americas,Belize,2012,0.0
Africa,Cabo Verde,2012,0.0
Western Pacific,China,2012,0.0
Americas,Costa Rica,2012,0.0
South-East Asia,Democratic People's Republic of Korea,2012,0.0
Americas,Ecuador,2012,0.0
Eastern Mediterranean,Egypt,2012,0.0
Americas,El Salvador,2012,0.0
Europe,Georgia,2012,0.0
Eastern Mediterranean,Iran (Islamic Republic of),2012,0.0
Eastern Mediterranean,Iraq,2012,0.0
Europe,Kazakhstan,2012,0.0
Europe,Kyrgyzstan,2012,0.0
Americas,Mexico,2012,0.0
Eastern Mediterranean,Morocco,2012,0.0
Eastern Mediterranean,Oman,2012,0.0
Americas,Paraguay,2012,0.0
Western Pacific,Republic of Korea,2012,0.0
Eastern Mediterranean,Saudi Arabia,2012,0.0
South-East Asia,Sri Lanka,2012,0.0
Americas,Suriname,2012,0.0
Eastern Mediterranean,Syrian Arab Republic,2012,0.0
Europe,Tajikistan,2012,0.0
Europe,Türkiye,2012,0.0
Europe,Turkmenistan,2012,0.0
Eastern Mediterranean,United Arab Emirates,2012,0.0
Europe,Uzbekistan,2012,0.0
Western Pacific,Vanuatu,2012,0.0
Africa,Botswana,2012,0.0
South-East Asia,Bhutan,2012,1.0
Americas,Panama,2012,1.0
Africa,Eswatini,2012,1.0
South-East Asia,Timor-Leste,2012,10.0
South-East Asia,Nepal,2012,10.0
Africa,Kenya,2012,10372.0
Africa,Chad,2012,11321.0
Africa,Angola,2012,11461.0
Eastern Mediterranean,Somalia,2012,1162.0
Western Pacific,Malaysia,2012,12.0
Africa,Cameroon,2012,12327.0
Africa,Comoros,2012,125.0
Africa,Namibia,2012,13.0
Africa,Guinea,2012,13703.0
Africa,Mauritania,2012,1337.0
Africa,Sierra Leone,2012,14051.0
Africa,Côte d’Ivoire,2012,15726.0
Africa,Zimbabwe,2012,1512.0
Africa,Ghana,2012,16282.0
Americas,Haiti,2012,167.0
Africa,Ethiopia,2012,17579.0
Eastern Mediterranean,Pakistan,2012,1703.0
Africa,Nigeria,2012,173305.0
Western Pacific,Lao People's Democratic Republic,2012,174.0
Africa,Congo,2012,1897.0
Americas,Nicaragua,2012,2.0
Americas,Guatemala,2012,2.0
Africa,Uganda,2012,20233.0
South-East Asia,India,2012,20372.0
Africa,United Republic of Tanzania,2012,20707.0
Eastern Mediterranean,Yemen,2012,2197.0
Africa,Mali,2012,22890.0
Americas,Colombia,2012,24.0
Americas,Peru,2012,24.0
Africa,Mozambique,2012,24925.0
Africa,Niger,2012,25584.0
Africa,Liberia,2012,2574.0
Western Pacific,Papua New Guinea,2012,2694.0
Africa,Rwanda,2012,2778.0
Eastern Mediterranean,Sudan,2012,2932.0
Africa,Burkina Faso,2012,30247.0
South-East Asia,Indonesia,2012,3081.0
Africa,Gabon,2012,318.0
South-East Asia,Myanmar,2012,3412.0
Western Pacific,Philippines,2012,35.0
South-East Asia,Thailand,2012,37.0
Africa,Senegal,2012,3792.0
Western Pacific,Cambodia,2012,383.0
Africa,Madagascar,2012,3941.0
Americas,Bolivia (Plurinational State of),2012,4.0
Americas,Honduras,2012,4.0
Western Pacific,Viet Nam,2012,41.0
Africa,Togo,2012,4389.0
Africa,Burundi,2012,4664.0
Africa,Gambia,2012,487.0
Eastern Mediterranean,Djibouti,2012,5.0
Americas,Venezuela (Bolivarian Republic of),2012,56.0
Africa,South Sudan,2012,5687.0
Americas,Brazil,2012,60.0
Africa,Equatorial Guinea,2012,667.0
Africa,Democratic Republic of the Congo,2012,67528.0
Africa,Central African Republic,2012,6770.0
Africa,Sao Tome and Principe,2012,7.0
Africa,South Africa,2012,72.0
Africa,Zambia,2012,7388.0
Americas,Guyana,2012,76.0
Africa,Guinea-Bissau,2012,797.0
Americas,Dominican Republic,2012,8.0
South-East Asia,Bangladesh,2012,85.0
Africa,Eritrea,2012,85.0
Africa,Benin,2012,8738.0
Western Pacific,Solomon Islands,2012,89.0
Africa,Malawi,2012,8978.0
Eastern Mediterranean,Afghanistan,2012,92.0
Africa,Algeria,2011,0.0
Americas,Argentina,2011,0.0
Europe,Armenia,2011,0.0
Europe,Azerbaijan,2011,0.0
Americas,Belize,2011,0.0
Americas,Costa Rica,2011,0.0
South-East Asia,Democratic People's Republic of Korea,2011,0.0
Americas,Ecuador,2011,0.0
Eastern Mediterranean,Egypt,2011,0.0
Americas,El Salvador,2011,0.0
Europe,Georgia,2011,0.0
Eastern Mediterranean,Iran (Islamic Republic of),2011,0.0
Eastern Mediterranean,Iraq,2011,0.0
Europe,Kazakhstan,2011,0.0
Europe,Kyrgyzstan,2011,0.0
Americas,Mexico,2011,0.0
Eastern Mediterranean,Morocco,2011,0.0
Eastern Mediterranean,Oman,2011,0.0
Americas,Panama,2011,0.0
Americas,Paraguay,2011,0.0
Eastern Mediterranean,Saudi Arabia,2011,0.0
South-East Asia,Sri Lanka,2011,0.0
Eastern Mediterranean,Syrian Arab Republic,2011,0.0
Europe,Tajikistan,2011,0.0
Europe,Türkiye,2011,0.0
Europe,Turkmenistan,2011,0.0
Eastern Mediterranean,United Arab Emirates,2011,0.0
Europe,Uzbekistan,2011,0.0
Africa,Eswatini,2011,0.0
South-East Asia,Bhutan,2011,1.0
Africa,Cabo Verde,2011,1.0
Americas,Nicaragua,2011,1.0
Americas,Suriname,2011,1.0
Africa,Botswana,2011,1.0
Americas,Dominican Republic,2011,10.0
Africa,Kenya,2011,10371.0
Western Pacific,Solomon Islands,2011,108.0
Africa,Chad,2011,11550.0
Africa,Angola,2011,11832.0
Eastern Mediterranean,Somalia,2011,1128.0
Western Pacific,Malaysia,2011,12.0
South-East Asia,Nepal,2011,12.0
Africa,Cameroon,2011,12280.0
Africa,Guinea,2011,13841.0
Africa,Mauritania,2011,1317.0
Western Pacific,Vanuatu,2011,14.0
Africa,Sierra Leone,2011,14951.0
Africa,Eritrea,2011,141.0
Africa,Ethiopia,2011,15005.0
South-East Asia,Bangladesh,2011,155.0
Africa,Ghana,2011,16841.0
Eastern Mediterranean,Pakistan,2011,1814.0
Africa,Zimbabwe,2011,1837.0
Africa,Nigeria,2011,184090.0
Africa,Congo,2011,1870.0
Africa,Sao Tome and Principe,2011,19.0
Americas,Peru,2011,19.0
Africa,Mali,2011,19701.0
Eastern Mediterranean,Afghanistan,2011,192.0
Western Pacific,Republic of Korea,2011,2.0
Americas,Guatemala,2011,2.0
Eastern Mediterranean,Yemen,2011,2015.0
Western Pacific,Papua New Guinea,2011,2030.0
Africa,Madagascar,2011,2035.0
Americas,Haiti,2011,208.0
Africa,United Republic of Tanzania,2011,21130.0
Africa,Côte d’Ivoire,2011,21484.0
Americas,Colombia,2011,23.0
Africa,Uganda,2011,24423.0
Africa,Niger,2011,25514.0
South-East Asia,India,2011,25646.0
Africa,Mozambique,2011,25707.0
Africa,Liberia,2011,2738.0
Eastern Mediterranean,Sudan,2011,2820.0
Africa,Rwanda,2011,2820.0
Africa,Gabon,2011,283.0
South-East Asia,Indonesia,2011,3123.0
South-East Asia,Myanmar,2011,3214.0
Western Pacific,China,2011,33.0
Africa,Burkina Faso,2011,33208.0
Western Pacific,Viet Nam,2011,36.0
Africa,Senegal,2011,3873.0
Africa,Togo,2011,3917.0
Americas,Bolivia (Plurinational State of),2011,4.0
South-East Asia,Thailand,2011,43.0
Western Pacific,Philippines,2011,47.0
Americas,Venezuela (Bolivarian Republic of),2011,47.0
Africa,Burundi,2011,4773.0
Africa,Gambia,2011,480.0
Eastern Mediterranean,Djibouti,2011,5.0
Americas,Honduras,2011,5.0
Africa,South Africa,2011,54.0
Africa,South Sudan,2011,5784.0
Africa,Equatorial Guinea,2011,617.0
Africa,Comoros,2011,62.0
Western Pacific,Cambodia,2011,641.0
South-East Asia,Timor-Leste,2011,69.0
Africa,Namibia,2011,7.0
Americas,Brazil,2011,70.0
Africa,Central African Republic,2011,7045.0
Africa,Zambia,2011,7076.0
Americas,Guyana,2011,72.0
Western Pacific,Lao People's Democratic Republic,2011,73.0
Africa,Democratic Republic of the Congo,2011,79887.0
Africa,Guinea-Bissau,2011,812.0
Africa,Benin,2011,8348.0
Africa,Malawi,2011,9903.0
Americas,Argentina,2010,0.0
Europe,Armenia,2010,0.0
Europe,Azerbaijan,2010,0.0
Americas,Belize,2010,0.0
Americas,Costa Rica,2010,0.0
South-East Asia,Democratic People's Republic of Korea,2010,0.0
Americas,Ecuador,2010,0.0
Eastern Mediterranean,Egypt,2010,0.0
Americas,El Salvador,2010,0.0
Europe,Georgia,2010,0.0
Eastern Mediterranean,Iran (Islamic Republic of),2010,0.0
Eastern Mediterranean,Iraq,2010,0.0
Europe,Kazakhstan,2010,0.0
Europe,Kyrgyzstan,2010,0.0
Americas,Mexico,2010,0.0
Eastern Mediterranean,Morocco,2010,0.0
Eastern Mediterranean,Oman,2010,0.0
Americas,Paraguay,2010,0.0
Eastern Mediterranean,Saudi Arabia,2010,0.0
South-East Asia,Sri Lanka,2010,0.0
Eastern Mediterranean,Syrian Arab Republic,2010,0.0
Europe,Tajikistan,2010,0.0
Europe,Türkiye,2010,0.0
Europe,Turkmenistan,2010,0.0
Eastern Mediterranean,United Arab Emirates,2010,0.0
Europe,Uzbekistan,2010,0.0
Africa,Eswatini,2010,0.0
Africa,Algeria,2010,1.0
Africa,Cabo Verde,2010,1.0
Americas,Nicaragua,2010,1.0
Americas,Panama,2010,1.0
Western Pacific,Republic of Korea,2010,1.0
Americas,Suriname,2010,1.0
Americas,Bolivia (Plurinational State of),2010,10.0
Africa,Kenya,2010,10033.0
Africa,Malawi,2010,10951.0
Western Pacific,Lao People's Democratic Republic,2010,109.0
Africa,Chad,2010,11829.0
Western Pacific,Philippines,2010,113.0
Africa,Angola,2010,12398.0
Africa,Mauritania,2010,1290.0
Western Pacific,Malaysia,2010,13.0
Africa,Guinea,2010,13286.0
Africa,Cameroon,2010,13328.0
Eastern Mediterranean,Somalia,2010,1347.0
Africa,Sao Tome and Principe,2010,14.0
Americas,Dominican Republic,2010,15.0
Africa,Sierra Leone,2010,15137.0
Africa,Ghana,2010,15810.0
Africa,Eritrea,2010,161.0
Eastern Mediterranean,Pakistan,2010,1616.0
Western Pacific,Solomon Islands,2010,163.0
Eastern Mediterranean,Afghanistan,2010,165.0
South-East Asia,Bangladesh,2010,166.0
Africa,Ethiopia,2010,17096.0
Africa,Mali,2010,17241.0
Africa,Congo,2010,1835.0
Western Pacific,China,2010,19.0
Africa,Nigeria,2010,197589.0
South-East Asia,Timor-Leste,2010,198.0
South-East Asia,Bhutan,2010,2.0
Eastern Mediterranean,Djibouti,2010,2.0
Americas,Peru,2010,20.0
Africa,United Republic of Tanzania,2010,21475.0
Americas,Haiti,2010,218.0
Africa,Madagascar,2010,2208.0
Western Pacific,Papua New Guinea,2010,2343.0
Africa,Niger,2010,24628.0
Africa,Côte d’Ivoire,2010,25440.0
Africa,Gabon,2010,252.0
Africa,Mozambique,2010,26605.0
Western Pacific,Vanuatu,2010,27.0
South-East Asia,Nepal,2010,27.0
Africa,Uganda,2010,27679.0
Eastern Mediterranean,Sudan,2010,2770.0
Africa,Zimbabwe,2010,2810.0
Africa,Liberia,2010,2862.0
Eastern Mediterranean,Yemen,2010,2866.0
Africa,Rwanda,2010,2871.0
Americas,Guatemala,2010,3.0
South-East Asia,India,2010,30522.0
South-East Asia,Indonesia,2010,3485.0
Africa,Burkina Faso,2010,35034.0
Africa,Senegal,2010,3908.0
Africa,Togo,2010,3917.0
Americas,Colombia,2010,42.0
Western Pacific,Viet Nam,2010,45.0
Africa,Gambia,2010,470.0
South-East Asia,Myanmar,2010,4849.0
Africa,Botswana,2010,5.0
Africa,Burundi,2010,5051.0
Americas,Guyana,2010,51.0
Americas,Venezuela (Bolivarian Republic of),2010,53.0
Africa,Equatorial Guinea,2010,598.0
Africa,Namibia,2010,6.0
Africa,South Sudan,2010,6037.0
Western Pacific,Cambodia,2010,644.0
Africa,Zambia,2010,6770.0
Americas,Honduras,2010,7.0
Americas,Brazil,2010,76.0
Africa,Central African Republic,2010,7803.0
South-East Asia,Thailand,2010,80.0
Africa,Guinea-Bissau,2010,806.0
Africa,South Africa,2010,83.0
Africa,Benin,2010,8632.0
Africa,Democratic Republic of the Congo,2010,91831.0
Africa,Comoros,2010,92.0
Africa,Algeria,2009,0.0
Americas,Argentina,2009,0.0
Europe,Armenia,2009,0.0
Europe,Azerbaijan,2009,0.0
Americas,Belize,2009,0.0
South-East Asia,Democratic People's Republic of Korea,2009,0.0
Eastern Mediterranean,Egypt,2009,0.0
Americas,El Salvador,2009,0.0
Africa,Eswatini,2009,0.0
Europe,Georgia,2009,0.0
Eastern Mediterranean,Iran (Islamic Republic of),2009,0.0
Eastern Mediterranean,Iraq,2009,0.0
Europe,Kazakhstan,2009,0.0
Europe,Kyrgyzstan,2009,0.0
Americas,Mexico,2009,0.0
Eastern Mediterranean,Morocco,2009,0.0
Americas,Nicaragua,2009,0.0
Eastern Mediterranean,Oman,2009,0.0
Americas,Panama,2009,0.0
Americas,Paraguay,2009,0.0
Eastern Mediterranean,Saudi Arabia,2009,0.0
South-East Asia,Sri Lanka,2009,0.0
Americas,Suriname,2009,0.0
Eastern Mediterranean,Syrian Arab Republic,2009,0.0
Europe,Tajikistan,2009,0.0
Europe,Türkiye,2009,0.0
Europe,Turkmenistan,2009,0.0
Eastern Mediterranean,United Arab Emirates,2009,0.0
Europe,Uzbekistan,2009,0.0
Americas,Costa Rica,2009,1.0
Western Pacific,Republic of Korea,2009,1.0
Western Pacific,China,2009,10.0
Eastern Mediterranean,Pakistan,2009,1000.0
Africa,Democratic Republic of the Congo,2009,101421.0
Africa,Malawi,2009,11379.0
Africa,Chad,2009,11455.0
Eastern Mediterranean,Somalia,2009,1152.0
Western Pacific,Philippines,2009,116.0
Africa,Guinea,2009,12350.0
Western Pacific,Lao People's Democratic Republic,2009,120.0
Africa,Mauritania,2009,1262.0
Africa,Angola,2009,13342.0
Eastern Mediterranean,Afghanistan,2009,139.0
Americas,Dominican Republic,2009,14.0
Africa,Sierra Leone,2009,14149.0
Africa,Cameroon,2009,14457.0
Africa,Ethiopia,2009,14838.0
Western Pacific,Solomon Islands,2009,142.0
Africa,Ghana,2009,15721.0
South-East Asia,Bangladesh,2009,158.0
Africa,Mali,2009,17255.0
Eastern Mediterranean,Yemen,2009,1779.0
Africa,Congo,2009,1828.0
South-East Asia,Indonesia,2009,1898.0
South-East Asia,Timor-Leste,2009,198.0
Africa,Cabo Verde,2009,2.0
Africa,Namibia,2009,20.0
South-East Asia,Nepal,2009,21.0
Africa,United Republic of Tanzania,2009,21608.0
Africa,Nigeria,2009,210258.0
Americas,Haiti,2009,214.0
Africa,Madagascar,2009,2182.0
Western Pacific,Vanuatu,2009,22.0
Africa,Niger,2009,22734.0
Africa,Gabon,2009,226.0
Africa,Zimbabwe,2009,2276.0
Western Pacific,Malaysia,2009,23.0
Africa,Sao Tome and Principe,2009,23.0
Africa,Mozambique,2009,26467.0
Americas,Colombia,2009,28.0
Americas,Guyana,2009,28.0
Africa,Côte d’Ivoire,2009,28135.0
Africa,Rwanda,2009,2854.0
Eastern Mediterranean,Sudan,2009,2866.0
Africa,Uganda,2009,29622.0
Americas,Guatemala,2009,3.0
South-East Asia,Myanmar,2009,3023.0
Africa,Liberia,2009,3046.0
Americas,Peru,2009,31.0
South-East Asia,India,2009,32006.0
Western Pacific,Papua New Guinea,2009,3367.0
Americas,Venezuela (Bolivarian Republic of),2009,36.0
Africa,Burkina Faso,2009,36176.0
Africa,Senegal,2009,3917.0
South-East Asia,Bhutan,2009,4.0
Africa,Eritrea,2009,41.0
Africa,Togo,2009,4142.0
Africa,South Africa,2009,45.0
Africa,Gambia,2009,450.0
Western Pacific,Viet Nam,2009,47.0
Africa,Burundi,2009,5188.0
Africa,Equatorial Guinea,2009,535.0
Americas,Ecuador,2009,6.0
Eastern Mediterranean,Djibouti,2009,6.0
Africa,Botswana,2009,6.0
Americas,Bolivia (Plurinational State of),2009,6.0
Africa,South Sudan,2009,6342.0
Africa,Zambia,2009,6701.0
South-East Asia,Thailand,2009,70.0
Africa,Guinea-Bissau,2009,774.0
Americas,Honduras,2009,8.0
Americas,Brazil,2009,85.0
Africa,Central African Republic,2009,8528.0
Western Pacific,Cambodia,2009,853.0
Africa,Comoros,2009,89.0
Africa,Benin,2009,9508.0
Africa,Kenya,2009,9855.0
Africa,Algeria,2008,0.0
Americas,Argentina,2008,0.0
Europe,Armenia,2008,0.0
Europe,Azerbaijan,2008,0.0
Americas,Belize,2008,0.0
Americas,Costa Rica,2008,0.0
South-East Asia,Democratic People's Republic of Korea,2008,0.0
Eastern Mediterranean,Egypt,2008,0.0
Americas,El Salvador,2008,0.0
Africa,Eswatini,2008,0.0
Europe,Georgia,2008,0.0
Eastern Mediterranean,Iraq,2008,0.0
Europe,Kazakhstan,2008,0.0
Europe,Kyrgyzstan,2008,0.0
Americas,Mexico,2008,0.0
Eastern Mediterranean,Morocco,2008,0.0
Americas,Nicaragua,2008,0.0
Eastern Mediterranean,Oman,2008,0.0
Americas,Paraguay,2008,0.0
Western Pacific,Republic of Korea,2008,0.0
Eastern Mediterranean,Saudi Arabia,2008,0.0
South-East Asia,Sri Lanka,2008,0.0
Americas,Suriname,2008,0.0
Eastern Mediterranean,Syrian Arab Republic,2008,0.0
Europe,Tajikistan,2008,0.0
Europe,Türkiye,2008,0.0
Europe,Turkmenistan,2008,0.0
Eastern Mediterranean,United Arab Emirates,2008,0.0
Europe,Uzbekistan,2008,0.0
Americas,Panama,2008,1.0
Africa,Benin,2008,10694.0
Africa,Guinea,2008,10761.0
Africa,Chad,2008,10911.0
South-East Asia,Thailand,2008,101.0
Western Pacific,Lao People's Democratic Republic,2008,104.0
Africa,Democratic Republic of the Congo,2008,106681.0
Americas,Dominican Republic,2008,11.0
Africa,Malawi,2008,11431.0
Africa,Madagascar,2008,1160.0
Africa,Sierra Leone,2008,12609.0
Africa,Mauritania,2008,1231.0
Eastern Mediterranean,Yemen,2008,1361.0
Africa,Ghana,2008,14759.0
Western Pacific,Philippines,2008,143.0
Africa,Angola,2008,15280.0
Africa,Cameroon,2008,15930.0
Africa,Sao Tome and Principe,2008,16.0
Africa,Mali,2008,18710.0
Western Pacific,Solomon Islands,2008,182.0
Eastern Mediterranean,Somalia,2008,1841.0
Africa,Zimbabwe,2008,1864.0
Africa,Congo,2008,1871.0
South-East Asia,Indonesia,2008,1873.0
Eastern Mediterranean,Afghanistan,2008,198.0
South-East Asia,Bhutan,2008,2.0
Africa,Cabo Verde,2008,2.0
Western Pacific,Malaysia,2008,20.0
Africa,Niger,2008,20669.0
Africa,United Republic of Tanzania,2008,21803.0
Africa,Gabon,2008,210.0
Africa,Nigeria,2008,221424.0
Americas,Haiti,2008,229.0
Western Pacific,China,2008,23.0
Americas,Guyana,2008,23.0
Western Pacific,Papua New Guinea,2008,2498.0
South-East Asia,Nepal,2008,25.0
Americas,Venezuela (Bolivarian Republic of),2008,26.0
Africa,Mozambique,2008,26418.0
South-East Asia,Bangladesh,2008,264.0
Africa,Uganda,2008,27478.0
South-East Asia,Timor-Leste,2008,271.0
Africa,Côte d’Ivoire,2008,28268.0
Africa,Rwanda,2008,2882.0
South-East Asia,India,2008,29894.0
Eastern Mediterranean,Iran (Islamic Republic of),2008,3.0
Americas,Guatemala,2008,3.0
Africa,Namibia,2008,30.0
Eastern Mediterranean,Sudan,2008,3129.0
South-East Asia,Myanmar,2008,3222.0
Africa,Liberia,2008,3227.0
Africa,Burkina Faso,2008,33805.0
Americas,Peru,2008,34.0
Western Pacific,Viet Nam,2008,37.0
Western Pacific,Vanuatu,2008,37.0
Africa,Eritrea,2008,37.0
Africa,Senegal,2008,3904.0
Africa,South Africa,2008,43.0
Africa,Gambia,2008,445.0
Africa,Togo,2008,4912.0
Western Pacific,Cambodia,2008,497.0
Americas,Ecuador,2008,5.0
Eastern Mediterranean,Djibouti,2008,5.0
Africa,Burundi,2008,5253.0
Americas,Colombia,2008,54.0
Africa,Equatorial Guinea,2008,569.0
Africa,Botswana,2008,6.0
Americas,Honduras,2008,6.0
Americas,Bolivia (Plurinational State of),2008,6.0
Africa,South Sudan,2008,6644.0
Africa,Zambia,2008,6708.0
Eastern Mediterranean,Pakistan,2008,679.0
Americas,Brazil,2008,68.0
Africa,Guinea-Bissau,2008,735.0
Africa,Comoros,2008,89.0
Africa,Central African Republic,2008,9105.0
Africa,Kenya,2008,9714.0
Africa,Ethiopia,2008,9840.0
Africa,Algeria,2007,0.0
Americas,Argentina,2007,0.0
Europe,Armenia,2007,0.0
Europe,Azerbaijan,2007,0.0
Americas,Belize,2007,0.0
Americas,Costa Rica,2007,0.0
South-East Asia,Democratic People's Republic of Korea,2007,0.0
Eastern Mediterranean,Egypt,2007,0.0
Americas,El Salvador,2007,0.0
Africa,Eswatini,2007,0.0
Europe,Georgia,2007,0.0
Eastern Mediterranean,Iraq,2007,0.0
Europe,Kazakhstan,2007,0.0
Europe,Kyrgyzstan,2007,0.0
Americas,Mexico,2007,0.0
Eastern Mediterranean,Morocco,2007,0.0
Americas,Nicaragua,2007,0.0
Eastern Mediterranean,Oman,2007,0.0
Americas,Paraguay,2007,0.0
Eastern Mediterranean,Saudi Arabia,2007,0.0
Eastern Mediterranean,Syrian Arab Republic,2007,0.0
Europe,Tajikistan,2007,0.0
Europe,Türkiye,2007,0.0
Europe,Turkmenistan,2007,0.0
Eastern Mediterranean,United Arab Emirates,2007,0.0
Europe,Uzbekistan,2007,0.0
Americas,Panama,2007,1.0
Western Pacific,Republic of Korea,2007,1.0
South-East Asia,Sri Lanka,2007,1.0
Americas,Suriname,2007,1.0
Africa,Chad,2007,10485.0
Africa,Malawi,2007,10906.0
Africa,Sierra Leone,2007,10976.0
Africa,Madagascar,2007,1092.0
Americas,Bolivia (Plurinational State of),2007,11.0
Africa,Ethiopia,2007,11526.0
Africa,Democratic Republic of the Congo,2007,111542.0
Western Pacific,Lao People's Democratic Republic,2007,115.0
Africa,Benin,2007,12034.0
Africa,Mauritania,2007,1210.0
Africa,Ghana,2007,14426.0
Western Pacific,Malaysia,2007,15.0
Americas,Dominican Republic,2007,17.0
Western Pacific,China,2007,18.0
Africa,Cameroon,2007,18138.0
Africa,Angola,2007,18237.0
South-East Asia,Indonesia,2007,1848.0
Americas,Haiti,2007,187.0
Americas,Guyana,2007,19.0
Africa,Niger,2007,19662.0
Africa,Gabon,2007,199.0
South-East Asia,Bhutan,2007,2.0
Africa,Cabo Verde,2007,2.0
Africa,Congo,2007,2028.0
Africa,Mali,2007,21311.0
Eastern Mediterranean,Yemen,2007,2117.0
Western Pacific,Philippines,2007,217.0
Africa,United Republic of Tanzania,2007,22162.0
South-East Asia,Timor-Leste,2007,226.0
Africa,Nigeria,2007,229172.0
Eastern Mediterranean,Afghanistan,2007,236.0
Africa,Uganda,2007,24820.0
South-East Asia,Myanmar,2007,2555.0
South-East Asia,Bangladesh,2007,263.0
Western Pacific,Papua New Guinea,2007,2675.0
Africa,Mozambique,2007,27031.0
South-East Asia,India,2007,27747.0
Africa,Côte d’Ivoire,2007,28815.0
Eastern Mediterranean,Somalia,2007,2852.0
Africa,Rwanda,2007,2926.0
Eastern Mediterranean,Iran (Islamic Republic of),2007,3.0
Africa,Sao Tome and Principe,2007,3.0
Africa,Botswana,2007,3.0
Africa,Burkina Faso,2007,31272.0
Western Pacific,Solomon Islands,2007,310.0
Africa,Liberia,2007,3287.0
Western Pacific,Vanuatu,2007,36.0
Eastern Mediterranean,Sudan,2007,3688.0
Africa,South Africa,2007,37.0
Americas,Venezuela (Bolivarian Republic of),2007,37.0
Africa,Senegal,2007,3869.0
South-East Asia,Nepal,2007,39.0
Western Pacific,Cambodia,2007,394.0
Americas,Peru,2007,43.0
Africa,Zimbabwe,2007,4326.0
Africa,Gambia,2007,441.0
Eastern Mediterranean,Djibouti,2007,5.0
Africa,Namibia,2007,52.0
Africa,Burundi,2007,5271.0
Western Pacific,Viet Nam,2007,53.0
Africa,Togo,2007,5987.0
Americas,Guatemala,2007,6.0
Africa,Eritrea,2007,60.0
Africa,Equatorial Guinea,2007,610.0
Americas,Colombia,2007,68.0
Africa,South Sudan,2007,6815.0
Africa,Zambia,2007,6851.0
Americas,Honduras,2007,7.0
Africa,Guinea-Bissau,2007,712.0
Americas,Ecuador,2007,8.0
Eastern Mediterranean,Pakistan,2007,879.0
Africa,Comoros,2007,89.0
Americas,Brazil,2007,93.0
South-East Asia,Thailand,2007,97.0
Africa,Kenya,2007,9792.0
Africa,Central African Republic,2007,9837.0
Africa,Guinea,2007,9931.0
Africa,Algeria,2006,0.0
Americas,Argentina,2006,0.0
Europe,Armenia,2006,0.0
Europe,Azerbaijan,2006,0.0
Americas,Costa Rica,2006,0.0
South-East Asia,Democratic People's Republic of Korea,2006,0.0
Eastern Mediterranean,Egypt,2006,0.0
Americas,El Salvador,2006,0.0
Africa,Eswatini,2006,0.0
Europe,Georgia,2006,0.0
Eastern Mediterranean,Iraq,2006,0.0
Europe,Kazakhstan,2006,0.0
Europe,Kyrgyzstan,2006,0.0
Americas,Mexico,2006,0.0
Eastern Mediterranean,Morocco,2006,0.0
Eastern Mediterranean,Oman,2006,0.0
Americas,Paraguay,2006,0.0
Western Pacific,Republic of Korea,2006,0.0
Eastern Mediterranean,Saudi Arabia,2006,0.0
Eastern Mediterranean,Syrian Arab Republic,2006,0.0
Europe,Tajikistan,2006,0.0
Europe,Türkiye,2006,0.0
Europe,Turkmenistan,2006,0.0
Eastern Mediterranean,United Arab Emirates,2006,0.0
Europe,Uzbekistan,2006,0.0
Americas,Belize,2006,1.0
Eastern Mediterranean,Iran (Islamic Republic of),2006,1.0
Americas,Nicaragua,2006,1.0
Americas,Panama,2006,1.0
South-East Asia,Sri Lanka,2006,1.0
Americas,Suriname,2006,1.0
Americas,Dominican Republic,2006,10.0
Africa,Chad,2006,10030.0
Africa,Malawi,2006,10095.0
Africa,Sierra Leone,2006,10638.0
Americas,Brazil,2006,110.0
South-East Asia,Thailand,2006,113.0
Africa,Democratic Republic of the Congo,2006,115483.0
Africa,Botswana,2006,12.0
Africa,Benin,2006,12682.0
Africa,Mauritania,2006,1203.0
Western Pacific,Lao People's Democratic Republic,2006,123.0
Africa,Ethiopia,2006,13798.0
South-East Asia,Bangladesh,2006,139.0
Americas,Bolivia (Plurinational State of),2006,14.0
Africa,Ghana,2006,14925.0
Americas,Guatemala,2006,15.0
Africa,Madagascar,2006,1647.0
Africa,Namibia,2006,174.0
Africa,Niger,2006,19018.0
Africa,Cameroon,2006,19887.0
Africa,Gabon,2006,199.0
Africa,Angola,2006,20525.0
Western Pacific,Philippines,2006,203.0
South-East Asia,Myanmar,2006,2041.0
Americas,Haiti,2006,207.0
Western Pacific,Malaysia,2006,21.0
South-East Asia,Indonesia,2006,2126.0
Africa,Congo,2006,2198.0
Africa,Mali,2006,22899.0
Eastern Mediterranean,Afghanistan,2006,222.0
Africa,United Republic of Tanzania,2006,23341.0
Africa,Nigeria,2006,232391.0
Africa,Uganda,2006,25471.0
Africa,Sao Tome and Principe,2006,26.0
South-East Asia,India,2006,27859.0
Africa,Côte d’Ivoire,2006,27989.0
Africa,Zimbabwe,2006,2769.0
Africa,Mozambique,2006,28172.0
Western Pacific,Papua New Guinea,2006,2924.0
Western Pacific,Vanuatu,2006,30.0
Africa,Burkina Faso,2006,30542.0
Eastern Mediterranean,Yemen,2006,3027.0
Africa,Rwanda,2006,3028.0
South-East Asia,Nepal,2006,32.0
South-East Asia,Timor-Leste,2006,326.0
Americas,Venezuela (Bolivarian Republic of),2006,33.0
Eastern Mediterranean,Somalia,2006,3308.0
Africa,Liberia,2006,3470.0
Africa,Eritrea,2006,36.0
Western Pacific,China,2006,37.0
Americas,Guyana,2006,37.0
Africa,Senegal,2006,3943.0
Eastern Mediterranean,Sudan,2006,4087.0
Africa,Gambia,2006,441.0
Eastern Mediterranean,Djibouti,2006,5.0
Americas,Peru,2006,52.0
Western Pacific,Solomon Islands,2006,549.0
Africa,Burundi,2006,5506.0
Africa,Equatorial Guinea,2006,656.0
Africa,Togo,2006,6601.0
South-East Asia,Bhutan,2006,7.0
Africa,Guinea-Bissau,2006,716.0
Africa,South Sudan,2006,7177.0
Africa,Zambia,2006,7262.0
Americas,Colombia,2006,77.0
Africa,Cabo Verde,2006,8.0
Americas,Honduras,2006,8.0
Africa,South Africa,2006,87.0
Eastern Mediterranean,Pakistan,2006,882.0
Africa,Comoros,2006,89.0
Western Pacific,Cambodia,2006,897.0
Americas,Ecuador,2006,9.0
Western Pacific,Viet Nam,2006,92.0
Africa,Guinea,2006,9672.0
Africa,Kenya,2006,9848.0
Africa,Central African Republic,2006,9918.0
Africa,Algeria,2005,0.0
Americas,Argentina,2005,0.0
Europe,Armenia,2005,0.0
Europe,Azerbaijan,2005,0.0
Americas,Belize,2005,0.0
Americas,Costa Rica,2005,0.0
South-East Asia,Democratic People's Republic of Korea,2005,0.0
Eastern Mediterranean,Egypt,2005,0.0
Americas,El Salvador,2005,0.0
Europe,Georgia,2005,0.0
Eastern Mediterranean,Iraq,2005,0.0
Europe,Kazakhstan,2005,0.0
Europe,Kyrgyzstan,2005,0.0
Americas,Mexico,2005,0.0
Eastern Mediterranean,Morocco,2005,0.0
Eastern Mediterranean,Oman,2005,0.0
Americas,Paraguay,2005,0.0
Western Pacific,Republic of Korea,2005,0.0
Eastern Mediterranean,Saudi Arabia,2005,0.0
South-East Asia,Sri Lanka,2005,0.0
Eastern Mediterranean,Syrian Arab Republic,2005,0.0
Europe,Tajikistan,2005,0.0
Europe,Türkiye,2005,0.0
Europe,Turkmenistan,2005,0.0
Eastern Mediterranean,United Arab Emirates,2005,0.0
Europe,Uzbekistan,2005,0.0
Africa,Eswatini,2005,0.0
Eastern Mediterranean,Iran (Islamic Republic of),2005,1.0
Americas,Panama,2005,1.0
Americas,Suriname,2005,1.0
Africa,Kenya,2005,10427.0
Africa,Sierra Leone,2005,10999.0
Americas,Honduras,2005,11.0
Africa,Benin,2005,11896.0
Africa,Democratic Republic of the Congo,2005,112725.0
Africa,Mauritania,2005,1179.0
Americas,Bolivia (Plurinational State of),2005,12.0
Americas,Brazil,2005,123.0
Africa,Ghana,2005,14693.0
Africa,Ethiopia,2005,15072.0
Americas,Dominican Republic,2005,16.0
South-East Asia,Thailand,2005,161.0
Africa,Madagascar,2005,1638.0
Africa,Namibia,2005,167.0
Western Pacific,Philippines,2005,167.0
South-East Asia,Indonesia,2005,1789.0
Americas,Guatemala,2005,19.0
Africa,Niger,2005,19595.0
Africa,Cabo Verde,2005,2.0
Africa,Cameroon,2005,20137.0
Africa,Gabon,2005,201.0
Americas,Haiti,2005,201.0
Africa,Angola,2005,21709.0
South-East Asia,Bangladesh,2005,216.0
Americas,Ecuador,2005,22.0
Africa,Mali,2005,23245.0
Africa,Nigeria,2005,230356.0
Africa,Congo,2005,2366.0
Eastern Mediterranean,Yemen,2005,2495.0
Africa,United Republic of Tanzania,2005,25049.0
Eastern Mediterranean,Afghanistan,2005,259.0
South-East Asia,Nepal,2005,26.0
Africa,Zimbabwe,2005,2751.0
Western Pacific,Papua New Guinea,2005,2796.0
Africa,Côte d’Ivoire,2005,28487.0
Africa,Uganda,2005,28954.0
South-East Asia,Myanmar,2005,2875.0
Africa,Mozambique,2005,29860.0
Africa,Botswana,2005,3.0
South-East Asia,Timor-Leste,2005,304.0
Africa,Burkina Faso,2005,31546.0
South-East Asia,India,2005,32599.0
Africa,Rwanda,2005,3224.0
Western Pacific,Malaysia,2005,33.0
Americas,Venezuela (Bolivarian Republic of),2005,34.0
Western Pacific,Vanuatu,2005,35.0
Eastern Mediterranean,Somalia,2005,3652.0
Africa,Liberia,2005,3847.0
Africa,Senegal,2005,4066.0
Eastern Mediterranean,Sudan,2005,4144.0
Africa,Gambia,2005,441.0
Western Pacific,China,2005,48.0
South-East Asia,Bhutan,2005,5.0
Eastern Mediterranean,Djibouti,2005,5.0
Western Pacific,Solomon Islands,2005,547.0
Africa,Eritrea,2005,59.0
Africa,Burundi,2005,5970.0
Americas,Nicaragua,2005,6.0
Africa,South Africa,2005,63.0
Africa,Togo,2005,6808.0
Americas,Guyana,2005,69.0
Western Pacific,Cambodia,2005,705.0
Africa,Equatorial Guinea,2005,712.0
Africa,Guinea-Bissau,2005,742.0
Africa,South Sudan,2005,7498.0
Africa,Zambia,2005,7899.0
Western Pacific,Viet Nam,2005,79.0
Americas,Peru,2005,80.0
Africa,Sao Tome and Principe,2005,85.0
Western Pacific,Lao People's Democratic Republic,2005,86.0
Americas,Colombia,2005,87.0
Africa,Comoros,2005,89.0
Eastern Mediterranean,Pakistan,2005,923.0
Africa,Chad,2005,9464.0
Africa,Central African Republic,2005,9530.0
Africa,Malawi,2005,9813.0
Africa,Guinea,2005,9895.0
Africa,Algeria,2004,0.0
Americas,Argentina,2004,0.0
Europe,Armenia,2004,0.0
Europe,Azerbaijan,2004,0.0
Americas,Costa Rica,2004,0.0
South-East Asia,Democratic People's Republic of Korea,2004,0.0
Eastern Mediterranean,Egypt,2004,0.0
Americas,El Salvador,2004,0.0
Europe,Georgia,2004,0.0
Eastern Mediterranean,Iraq,2004,0.0
Europe,Kazakhstan,2004,0.0
Europe,Kyrgyzstan,2004,0.0
Americas,Mexico,2004,0.0
Eastern Mediterranean,Morocco,2004,0.0
Eastern Mediterranean,Oman,2004,0.0
Americas,Paraguay,2004,0.0
Western Pacific,Republic of Korea,2004,0.0
Eastern Mediterranean,Saudi Arabia,2004,0.0
Eastern Mediterranean,Syrian Arab Republic,2004,0.0
Europe,Tajikistan,2004,0.0
Europe,Türkiye,2004,0.0
Europe,Turkmenistan,2004,0.0
Eastern Mediterranean,United Arab Emirates,2004,0.0
Europe,Uzbekistan,2004,0.0
Americas,Belize,2004,1.0
Eastern Mediterranean,Iran (Islamic Republic of),2004,1.0
Americas,Nicaragua,2004,1.0
South-East Asia,Sri Lanka,2004,1.0
Africa,Eswatini,2004,1.0
Africa,Malawi,2004,10288.0
Africa,Benin,2004,10839.0
Africa,Guinea,2004,10985.0
Western Pacific,Lao People's Democratic Republic,2004,100.0
Americas,Brazil,2004,102.0
Africa,Kenya,2004,11667.0
Africa,Sierra Leone,2004,11968.0
Africa,Democratic Republic of the Congo,2004,112034.0
Western Pacific,Viet Nam,2004,115.0
Africa,Mauritania,2004,1161.0
Americas,Honduras,2004,12.0
Americas,Colombia,2004,126.0
Americas,Guatemala,2004,14.0
South-East Asia,Indonesia,2004,1484.0
Africa,Ghana,2004,15105.0
Americas,Dominican Republic,2004,16.0
Africa,Sao Tome and Principe,2004,169.0
Africa,Cameroon,2004,19432.0
Africa,Niger,2004,19908.0
Americas,Haiti,2004,198.0
Americas,Panama,2004,2.0
Africa,Madagascar,2004,2062.0
Africa,Ethiopia,2004,21110.0
South-East Asia,Bangladesh,2004,213.0
Africa,Gabon,2004,219.0
Africa,Angola,2004,22169.0
Africa,Mali,2004,22353.0
Africa,Nigeria,2004,226562.0
South-East Asia,Thailand,2004,230.0
Western Pacific,Philippines,2004,233.0
Eastern Mediterranean,Yemen,2004,2391.0
South-East Asia,Nepal,2004,24.0
Africa,Congo,2004,2505.0
Africa,United Republic of Tanzania,2004,27362.0
Africa,Namibia,2004,270.0
Africa,Zimbabwe,2004,2738.0
South-East Asia,Myanmar,2004,2853.0
Africa,Côte d’Ivoire,2004,29819.0
Africa,Botswana,2004,3.0
Americas,Venezuela (Bolivarian Republic of),2004,30.0
Western Pacific,China,2004,31.0
South-East Asia,India,2004,31217.0
Eastern Mediterranean,Somalia,2004,3111.0
Africa,Eritrea,2004,32.0
Africa,Mozambique,2004,34157.0
Africa,Burkina Faso,2004,34556.0
Western Pacific,Malaysia,2004,35.0
Eastern Mediterranean,Afghanistan,2004,350.0
Western Pacific,Papua New Guinea,2004,3517.0
Africa,Rwanda,2004,3592.0
Americas,Ecuador,2004,37.0
Africa,Uganda,2004,37194.0
Africa,Cabo Verde,2004,4.0
Eastern Mediterranean,Sudan,2004,4099.0
Africa,Senegal,2004,4419.0
South-East Asia,Timor-Leste,2004,449.0
Africa,Gambia,2004,449.0
Africa,Liberia,2004,4520.0
Eastern Mediterranean,Djibouti,2004,5.0
Americas,Guyana,2004,51.0
Western Pacific,Vanuatu,2004,61.0
Eastern Mediterranean,Pakistan,2004,643.0
Africa,Togo,2004,6473.0
Western Pacific,Solomon Islands,2004,652.0
Africa,Burundi,2004,6988.0
South-East Asia,Bhutan,2004,7.0
Americas,Suriname,2004,7.0
Africa,Equatorial Guinea,2004,707.0
Africa,South Sudan,2004,8047.0
Africa,Guinea-Bissau,2004,816.0
Africa,South Africa,2004,88.0
Africa,Comoros,2004,89.0
Western Pacific,Cambodia,2004,895.0
Americas,Bolivia (Plurinational State of),2004,9.0
Africa,Chad,2004,9005.0
Africa,Zambia,2004,9007.0
Africa,Central African Republic,2004,9087.0
Americas,Peru,2004,98.0
Africa,Algeria,2003,0.0
Europe,Armenia,2003,0.0
Europe,Azerbaijan,2003,0.0
Americas,Belize,2003,0.0
Americas,Costa Rica,2003,0.0
South-East Asia,Democratic People's Republic of Korea,2003,0.0
Eastern Mediterranean,Egypt,2003,0.0
Americas,El Salvador,2003,0.0
Europe,Georgia,2003,0.0
Eastern Mediterranean,Iraq,2003,0.0
Europe,Kazakhstan,2003,0.0
Europe,Kyrgyzstan,2003,0.0
Americas,Mexico,2003,0.0
Eastern Mediterranean,Morocco,2003,0.0
Eastern Mediterranean,Oman,2003,0.0
Americas,Paraguay,2003,0.0
Western Pacific,Republic of Korea,2003,0.0
Eastern Mediterranean,Saudi Arabia,2003,0.0
Eastern Mediterranean,Syrian Arab Republic,2003,0.0
Europe,Tajikistan,2003,0.0
Europe,Türkiye,2003,0.0
Europe,Turkmenistan,2003,0.0
Eastern Mediterranean,United Arab Emirates,2003,0.0
Europe,Uzbekistan,2003,0.0
Africa,Eswatini,2003,0.0
Americas,Argentina,2003,1.0
Africa,Zambia,2003,10421.0
Africa,Guinea-Bissau,2003,1003.0
Americas,Brazil,2003,104.0
Africa,Democratic Republic of the Congo,2003,105469.0
Western Pacific,Cambodia,2003,1062.0
Africa,Malawi,2003,11643.0
Western Pacific,Lao People's Democratic Republic,2003,110.0
Africa,Eritrea,2003,112.0
Africa,Mauritania,2003,1154.0
Americas,Colombia,2003,118.0
Americas,Dominican Republic,2003,12.0
Americas,Bolivia (Plurinational State of),2003,12.0
Africa,Guinea,2003,12844.0
South-East Asia,Timor-Leste,2003,125.0
Africa,Kenya,2003,13021.0
Africa,Sierra Leone,2003,13478.0
South-East Asia,Bhutan,2003,14.0
Africa,South Africa,2003,142.0
Africa,Ghana,2003,15909.0
Americas,Guatemala,2003,16.0
Africa,Namibia,2003,172.0
South-East Asia,Indonesia,2003,1752.0
Americas,Suriname,2003,18.0
Africa,Cameroon,2003,18374.0
Africa,Ethiopia,2003,18702.0
Africa,Sao Tome and Principe,2003,193.0
Americas,Haiti,2003,195.0
Western Pacific,Viet Nam,2003,197.0
Africa,Niger,2003,20714.0
South-East Asia,Thailand,2003,204.0
South-East Asia,Bangladesh,2003,209.0
Western Pacific,Malaysia,2003,21.0
Africa,Mali,2003,21772.0
Africa,Angola,2003,22694.0
Africa,Nigeria,2003,226464.0
Africa,Gabon,2003,254.0
Western Pacific,Philippines,2003,257.0
Africa,Congo,2003,2630.0
Americas,Venezuela (Bolivarian Republic of),2003,27.0
South-East Asia,India,2003,27862.0
Africa,Zimbabwe,2003,2730.0
Western Pacific,Papua New Guinea,2003,2816.0
South-East Asia,Myanmar,2003,2828.0
Africa,Madagascar,2003,2917.0
Eastern Mediterranean,Yemen,2003,2964.0
Africa,United Republic of Tanzania,2003,30612.0
Eastern Mediterranean,Somalia,2003,3040.0
Africa,Côte d’Ivoire,2003,31397.0
Africa,Burkina Faso,2003,38366.0
Africa,Mozambique,2003,39238.0
Africa,Cabo Verde,2003,4.0
Americas,Panama,2003,4.0
South-East Asia,Sri Lanka,2003,4.0
Africa,Botswana,2003,4.0
Eastern Mediterranean,Djibouti,2003,4.0
Africa,Rwanda,2003,4248.0
Eastern Mediterranean,Sudan,2003,4409.0
Africa,Uganda,2003,45326.0
Western Pacific,Solomon Islands,2003,456.0
Americas,Ecuador,2003,46.0
South-East Asia,Nepal,2003,46.0
Africa,Gambia,2003,468.0
Eastern Mediterranean,Iran (Islamic Republic of),2003,5.0
Africa,Senegal,2003,5034.0
Western Pacific,China,2003,52.0
Americas,Guyana,2003,53.0
Africa,Liberia,2003,5326.0
Africa,Togo,2003,5897.0
Western Pacific,Vanuatu,2003,68.0
Africa,Equatorial Guinea,2003,682.0
Americas,Nicaragua,2003,7.0
Eastern Mediterranean,Afghanistan,2003,798.0
Africa,Burundi,2003,8294.0
Africa,Central African Republic,2003,8393.0
Africa,South Sudan,2003,8739.0
Africa,Comoros,2003,89.0
Africa,Chad,2003,8926.0
Americas,Honduras,2003,9.0
Americas,Peru,2003,95.0
Africa,Benin,2003,9668.0
Eastern Mediterranean,Pakistan,2003,991.0
Africa,Algeria,2002,0.0
Americas,Argentina,2002,0.0
Europe,Armenia,2002,0.0
Europe,Azerbaijan,2002,0.0
Americas,Belize,2002,0.0
Americas,Costa Rica,2002,0.0
South-East Asia,Democratic People's Republic of Korea,2002,0.0
Eastern Mediterranean,Egypt,2002,0.0
Americas,El Salvador,2002,0.0
Europe,Georgia,2002,0.0
Eastern Mediterranean,Iraq,2002,0.0
Europe,Kazakhstan,2002,0.0
Europe,Kyrgyzstan,2002,0.0
Americas,Mexico,2002,0.0
Eastern Mediterranean,Morocco,2002,0.0
Eastern Mediterranean,Oman,2002,0.0
Americas,Paraguay,2002,0.0
Western Pacific,Republic of Korea,2002,0.0
Eastern Mediterranean,Saudi Arabia,2002,0.0
Eastern Mediterranean,Syrian Arab Republic,2002,0.0
Europe,Tajikistan,2002,0.0
Europe,Türkiye,2002,0.0
Europe,Turkmenistan,2002,0.0
Eastern Mediterranean,United Arab Emirates,2002,0.0
Europe,Uzbekistan,2002,0.0
Africa,Eswatini,2002,1.0
Eastern Mediterranean,Pakistan,2002,1001.0
Africa,Democratic Republic of the Congo,2002,101603.0
Americas,Peru,2002,108.0
South-East Asia,Bhutan,2002,11.0
Americas,Dominican Republic,2002,11.0
Americas,Honduras,2002,11.0
Africa,Zambia,2002,11675.0
Africa,Mauritania,2002,1129.0
Eastern Mediterranean,Afghanistan,2002,1133.0
Western Pacific,Lao People's Democratic Republic,2002,124.0
Africa,Guinea-Bissau,2002,1297.0
Africa,Kenya,2002,13472.0
Africa,Malawi,2002,13784.0
Africa,Guinea,2002,14460.0
Africa,Sierra Leone,2002,14567.0
Americas,Suriname,2002,15.0
Africa,Ethiopia,2002,16864.0
Africa,Ghana,2002,16937.0
Americas,Colombia,2002,162.0
Africa,Cameroon,2002,17775.0
South-East Asia,Indonesia,2002,1729.0
Africa,Namibia,2002,180.0
Western Pacific,Philippines,2002,180.0
Americas,Venezuela (Bolivarian Republic of),2002,19.0
Americas,Haiti,2002,191.0
South-East Asia,Timor-Leste,2002,199.0
Africa,Cabo Verde,2002,2.0
Eastern Mediterranean,Iran (Islamic Republic of),2002,2.0
Americas,Panama,2002,2.0
Americas,Guatemala,2002,20.0
South-East Asia,Bangladesh,2002,206.0
Africa,Niger,2002,21946.0
Africa,Mali,2002,22172.0
Africa,Angola,2002,22952.0
Africa,Madagascar,2002,2221.0
Africa,Nigeria,2002,230496.0
Western Pacific,Papua New Guinea,2002,2635.0
South-East Asia,India,2002,27270.0
Western Pacific,Viet Nam,2002,271.0
Africa,Zimbabwe,2002,2723.0
Africa,Congo,2002,2749.0
South-East Asia,Myanmar,2002,2802.0
Africa,Gabon,2002,299.0
South-East Asia,Sri Lanka,2002,30.0
Eastern Mediterranean,Somalia,2002,3069.0
Africa,Côte d’Ivoire,2002,31509.0
Africa,Sao Tome and Principe,2002,321.0
Eastern Mediterranean,Yemen,2002,3283.0
Africa,United Republic of Tanzania,2002,33657.0
South-East Asia,Thailand,2002,361.0
Western Pacific,Malaysia,2002,38.0
Eastern Mediterranean,Djibouti,2002,4.0
Africa,Burkina Faso,2002,40688.0
Western Pacific,China,2002,42.0
Americas,Guyana,2002,42.0
Africa,Mozambique,2002,42733.0
Eastern Mediterranean,Sudan,2002,4688.0
Africa,Gambia,2002,489.0
Africa,Uganda,2002,50654.0
Africa,Rwanda,2002,5076.0
Western Pacific,Solomon Islands,2002,513.0
Western Pacific,Vanuatu,2002,52.0
Africa,Togo,2002,5560.0
Africa,Senegal,2002,5645.0
Africa,Liberia,2002,6049.0
South-East Asia,Nepal,2002,62.0
Americas,Ecuador,2002,64.0
Africa,Equatorial Guinea,2002,657.0
Africa,Eritrea,2002,74.0
Africa,Central African Republic,2002,7872.0
Americas,Nicaragua,2002,8.0
Western Pacific,Cambodia,2002,803.0
Africa,Chad,2002,8665.0
Africa,Benin,2002,8825.0
Africa,Comoros,2002,89.0
Africa,Botswana,2002,9.0
Americas,Bolivia (Plurinational State of),2002,9.0
Africa,Burundi,2002,9397.0
Africa,South Sudan,2002,9401.0
Americas,Brazil,2002,95.0
Africa,South Africa,2002,96.0
Americas,Argentina,2001,0.0
Europe,Armenia,2001,0.0
Europe,Azerbaijan,2001,0.0
Americas,Belize,2001,0.0
Africa,Cabo Verde,2001,0.0
Americas,Costa Rica,2001,0.0
South-East Asia,Democratic People's Republic of Korea,2001,0.0
Eastern Mediterranean,Egypt,2001,0.0
Americas,El Salvador,2001,0.0
Europe,Georgia,2001,0.0
Eastern Mediterranean,Iraq,2001,0.0
Europe,Kazakhstan,2001,0.0
Europe,Kyrgyzstan,2001,0.0
Americas,Mexico,2001,0.0
Eastern Mediterranean,Morocco,2001,0.0
Eastern Mediterranean,Oman,2001,0.0
Americas,Paraguay,2001,0.0
Western Pacific,Republic of Korea,2001,0.0
Eastern Mediterranean,Saudi Arabia,2001,0.0
Eastern Mediterranean,Syrian Arab Republic,2001,0.0
Europe,Tajikistan,2001,0.0
Europe,Türkiye,2001,0.0
Europe,Turkmenistan,2001,0.0
Eastern Mediterranean,United Arab Emirates,2001,0.0
Europe,Uzbekistan,2001,0.0
Africa,Algeria,2001,1.0
Americas,Panama,2001,1.0
Africa,South Sudan,2001,10497.0
Africa,Democratic Republic of the Congo,2001,100192.0
Africa,Burundi,2001,11335.0
Eastern Mediterranean,Pakistan,2001,1144.0
Africa,Mauritania,2001,1151.0
Africa,Zambia,2001,13075.0
Africa,Kenya,2001,13668.0
Africa,Eritrea,2001,130.0
South-East Asia,Bhutan,2001,14.0
Americas,Brazil,2001,142.0
Western Pacific,Philippines,2001,143.0
Americas,Venezuela (Bolivarian Republic of),2001,15.0
Americas,Honduras,2001,15.0
Africa,Sierra Leone,2001,15093.0
Africa,Guinea,2001,15919.0
Western Pacific,Lao People's Democratic Republic,2001,152.0
Africa,Malawi,2001,16121.0
Americas,Colombia,2001,168.0
Americas,Dominican Republic,2001,17.0
Africa,Cameroon,2001,17459.0
South-East Asia,Indonesia,2001,1705.0
Africa,Guinea-Bissau,2001,1717.0
Americas,Guatemala,2001,18.0
Africa,Ethiopia,2001,18031.0
Africa,Ghana,2001,18435.0
Americas,Haiti,2001,188.0
Africa,Botswana,2001,19.0
Eastern Mediterranean,Iran (Islamic Republic of),2001,2.0
Americas,Nicaragua,2001,2.0
South-East Asia,Bangladesh,2001,202.0
Americas,Suriname,2001,23.0
Africa,Mali,2001,23927.0
Western Pacific,Vanuatu,2001,24.0
Africa,Angola,2001,24478.0
Africa,Nigeria,2001,242521.0
South-East Asia,Timor-Leste,2001,245.0
Africa,Sao Tome and Principe,2001,248.0
Africa,Niger,2001,25034.0
Africa,Namibia,2001,263.0
Western Pacific,China,2001,27.0
Africa,Zimbabwe,2001,2716.0
Africa,Madagascar,2001,2747.0
South-East Asia,Myanmar,2001,2775.0
South-East Asia,Nepal,2001,28.0
South-East Asia,India,2001,28679.0
Eastern Mediterranean,Yemen,2001,2947.0
Eastern Mediterranean,Somalia,2001,2962.0
Africa,Congo,2001,2983.0
Africa,Eswatini,2001,3.0
Africa,Côte d’Ivoire,2001,30820.0
Western Pacific,Papua New Guinea,2001,3075.0
Africa,Gabon,2001,337.0
Africa,United Republic of Tanzania,2001,38471.0
Western Pacific,Viet Nam,2001,380.0
Eastern Mediterranean,Djibouti,2001,4.0
Africa,Burkina Faso,2001,41824.0
South-East Asia,Thailand,2001,424.0
Africa,Mozambique,2001,45549.0
Western Pacific,Malaysia,2001,46.0
Africa,Uganda,2001,51831.0
South-East Asia,Sri Lanka,2001,52.0
Americas,Guyana,2001,52.0
Western Pacific,Solomon Islands,2001,521.0
Africa,Gambia,2001,527.0
Africa,Togo,2001,5427.0
Eastern Mediterranean,Sudan,2001,5919.0
Africa,Rwanda,2001,6004.0
Africa,Senegal,2001,6404.0
Africa,Equatorial Guinea,2001,644.0
Africa,Liberia,2001,6644.0
Africa,Central African Republic,2001,7593.0
Africa,South Africa,2001,81.0
Americas,Ecuador,2001,84.0
Africa,Benin,2001,8455.0
Americas,Peru,2001,89.0
Africa,Comoros,2001,89.0
Americas,Bolivia (Plurinational State of),2001,9.0
Western Pacific,Cambodia,2001,904.0
Africa,Chad,2001,9111.0
Eastern Mediterranean,Afghanistan,2001,965.0
Americas,Argentina,2000,0.0
Europe,Armenia,2000,0.0
Europe,Azerbaijan,2000,0.0
Americas,Belize,2000,0.0
Africa,Cabo Verde,2000,0.0
Americas,Costa Rica,2000,0.0
South-East Asia,Democratic People's Republic of Korea,2000,0.0
Eastern Mediterranean,Egypt,2000,0.0
Americas,El Salvador,2000,0.0
Europe,Georgia,2000,0.0
Eastern Mediterranean,Iraq,2000,0.0
Europe,Kazakhstan,2000,0.0
Europe,Kyrgyzstan,2000,0.0
Americas,Mexico,2000,0.0
Eastern Mediterranean,Morocco,2000,0.0
Eastern Mediterranean,Oman,2000,0.0
Americas,Paraguay,2000,0.0
Western Pacific,Republic of Korea,2000,0.0
Eastern Mediterranean,Saudi Arabia,2000,0.0
Eastern Mediterranean,Syrian Arab Republic,2000,0.0
Europe,Tajikistan,2000,0.0
Europe,Türkiye,2000,0.0
Europe,Turkmenistan,2000,0.0
Eastern Mediterranean,United Arab Emirates,2000,0.0
Europe,Uzbekistan,2000,0.0
Americas,Panama,2000,1.0
Africa,South Sudan,2000,10974.0
Africa,Democratic Republic of the Congo,2000,100494.0
Africa,Mauritania,2000,1094.0
Africa,Kenya,2000,11901.0
Africa,Burundi,2000,12288.0
Americas,Colombia,2000,124.0
Africa,Zambia,2000,13121.0
Africa,Sierra Leone,2000,14506.0
South-East Asia,Bhutan,2000,15.0
Western Pacific,Cambodia,2000,1582.0
Africa,Guinea,2000,16396.0
Africa,Ethiopia,2000,16808.0
South-East Asia,Indonesia,2000,1682.0
Africa,Cameroon,2000,17144.0
Africa,Malawi,2000,17225.0
Americas,Haiti,2000,185.0
Africa,Ghana,2000,19388.0
Africa,Namibia,2000,199.0
South-East Asia,Bangladesh,2000,199.0
Africa,Algeria,2000,2.0
Africa,Eswatini,2000,2.0
Western Pacific,Philippines,2000,204.0
Western Pacific,Lao People's Democratic Republic,2000,221.0
Africa,Madagascar,2000,2239.0
Africa,Guinea-Bissau,2000,2273.0
Americas,Honduras,2000,23.0
Africa,Angola,2000,23661.0
Americas,Suriname,2000,24.0
Americas,Bolivia (Plurinational State of),2000,24.0
South-East Asia,Timor-Leste,2000,241.0
Americas,Brazil,2000,245.0
Africa,Nigeria,2000,249308.0
South-East Asia,Nepal,2000,25.0
Africa,Niger,2000,25663.0
Africa,Mali,2000,25672.0
Africa,Sao Tome and Principe,2000,254.0
Americas,Venezuela (Bolivarian Republic of),2000,26.0
Eastern Mediterranean,Yemen,2000,2640.0
Americas,Guatemala,2000,27.0
Africa,Zimbabwe,2000,2707.0
South-East Asia,Myanmar,2000,2744.0
Eastern Mediterranean,Somalia,2000,2852.0
Africa,Côte d’Ivoire,2000,29036.0
South-East Asia,India,2000,29512.0
Africa,Congo,2000,3034.0
Western Pacific,China,2000,31.0
Western Pacific,Papua New Guinea,2000,3142.0
Western Pacific,Vanuatu,2000,34.0
Western Pacific,Malaysia,2000,35.0
Africa,Gabon,2000,359.0
Eastern Mediterranean,Iran (Islamic Republic of),2000,4.0
Americas,Nicaragua,2000,4.0
Eastern Mediterranean,Djibouti,2000,4.0
Africa,United Republic of Tanzania,2000,40887.0
Africa,Burkina Faso,2000,41277.0
Western Pacific,Viet Nam,2000,421.0
Africa,South Africa,2000,424.0
Africa,Mozambique,2000,45482.0
Africa,Uganda,2000,45764.0
Western Pacific,Solomon Islands,2000,476.0
Africa,Botswana,2000,49.0
Americas,Guyana,2000,50.0
Africa,Togo,2000,5462.0
Africa,Gambia,2000,577.0
Americas,Dominican Republic,2000,6.0
Africa,Rwanda,2000,6191.0
Eastern Mediterranean,Sudan,2000,6200.0
South-East Asia,Thailand,2000,625.0
Africa,Equatorial Guinea,2000,633.0
Africa,Senegal,2000,6336.0
Americas,Ecuador,2000,66.0
Africa,Liberia,2000,6968.0
Africa,Central African Republic,2000,7379.0
South-East Asia,Sri Lanka,2000,77.0
Africa,Benin,2000,7898.0
Africa,Chad,2000,8459.0
Africa,Comoros,2000,89.0
Americas,Peru,2000,96.0
Eastern Mediterranean,Afghanistan,2000,965.0
Africa,Eritrea,2000,97.0
Eastern Mediterranean,Pakistan,2000,995.0
